Tanggal;Harga Komoditas (Beras Medium / kg)
2014-01-01;8035
2014-01-02;8034
2014-01-03;8034
2014-01-04;8034
2014-01-05;8032
2014-01-06;8043
2014-01-07;8052
2014-01-08;8053
2014-01-09;8053
2014-01-10;8055
2014-01-11;8060
2014-01-12;8062
2014-01-13;8065
2014-01-14;8065
2014-01-15;8066
2014-01-16;8066
2014-01-17;8068
2014-01-18;8068
2014-01-19;8068
2014-01-20;8071
2014-01-21;8071
2014-01-22;8070
2014-01-23;8072
2014-01-24;8069
2014-01-25;8072
2014-01-26;8075
2014-01-27;8075
2014-01-28;8072
2014-01-29;8061
2014-01-30;8077
2014-01-31;8095
2014-02-01;8064
2014-02-02;8066
2014-02-03;8085
2014-02-04;8088
2014-02-05;8088
2014-02-06;8123
2014-02-07;8116
2014-02-08;8117
2014-02-09;8117
2014-02-10;8121
2014-02-11;8124
2014-02-12;8126
2014-02-13;8126
2014-02-14;8126
2014-02-15;8127
2014-02-16;8132
2014-02-17;8133
2014-02-18;8146
2014-02-19;8148
2014-02-20;8149
2014-02-21;8124
2014-02-22;8144
2014-02-23;8144
2014-02-24;8153
2014-02-25;8154
2014-02-26;8167
2014-02-27;8170
2014-02-28;8168
2014-03-01;8176
2014-03-02;8185
2014-03-03;8179
2014-03-04;8160
2014-03-05;8195
2014-03-06;8187
2014-03-07;8187
2014-03-08;8183
2014-03-09;8184
2014-03-10;8178
2014-03-11;8176
2014-03-12;8172
2014-03-13;8151
2014-03-14;8142
2014-03-15;8129
2014-03-16;8130
2014-03-17;8109
2014-03-18;8106
2014-03-19;8102
2014-03-20;8104
2014-03-21;8102
2014-03-22;8095
2014-03-23;8097
2014-03-24;8062
2014-03-25;8062
2014-03-26;8062
2014-03-27;8079
2014-03-28;8097
2014-03-29;8086
2014-03-30;8110
2014-03-31;8093
2014-04-01;8055
2014-04-02;8031
2014-04-03;8017
2014-04-04;7993
2014-04-05;7982
2014-04-06;7974
2014-04-07;7986
2014-04-08;7981
2014-04-09;7991
2014-04-10;7971
2014-04-11;7964
2014-04-12;7957
2014-04-13;7958
2014-04-14;7935
2014-04-15;7943
2014-04-16;7913
2014-04-17;7932
2014-04-18;7932
2014-04-19;7928
2014-04-20;7894
2014-04-21;7874
2014-04-22;7874
2014-04-23;7853
2014-04-24;7855
2014-04-25;7865
2014-04-26;7911
2014-04-27;7911
2014-04-28;7851
2014-04-29;7832
2014-04-30;7839
2014-05-01;7826
2014-05-02;7839
2014-05-03;7871
2014-05-04;7842
2014-05-05;7832
2014-05-06;7838
2014-05-07;7846
2014-05-08;7837
2014-05-09;7893
2014-05-10;7894
2014-05-11;7895
2014-05-12;7856
2014-05-13;7862
2014-05-14;7879
2014-05-15;7874
2014-05-16;7877
2014-05-17;7904
2014-05-18;7873
2014-05-19;7876
2014-05-20;7904
2014-05-21;7903
2014-05-22;7884
2014-05-23;7889
2014-05-24;7910
2014-05-25;7910
2014-05-26;7873
2014-05-27;7895
2014-05-28;7892
2014-05-29;7879
2014-05-30;7867
2014-05-31;7908
2014-06-01;7859
2014-06-02;7820
2014-06-03;7817
2014-06-04;7819
2014-06-05;7826
2014-06-06;7821
2014-06-07;7866
2014-06-08;7866
2014-06-09;7821
2014-06-10;7807
2014-06-11;7800
2014-06-12;7810
2014-06-13;7808
2014-06-14;7839
2014-06-15;7841
2014-06-16;7805
2014-06-17;7780
2014-06-18;7797
2014-06-19;7803
2014-06-20;7804
2014-06-21;7832
2014-06-22;7839
2014-06-23;8340
2014-06-24;7843
2014-06-25;7821
2014-06-26;7814
2014-06-27;7816
2014-06-28;7880
2014-06-29;7861
2014-06-30;7833
2014-07-01;7827
2014-07-02;7828
2014-07-03;7841
2014-07-04;7844
2014-07-05;7880
2014-07-06;7878
2014-07-07;7856
2014-07-08;7849
2014-07-09;7888
2014-07-10;7836
2014-07-11;7823
2014-07-12;7865
2014-07-13;7867
2014-07-14;7829
2014-07-15;7830
2014-07-16;7831
2014-07-17;7844
2014-07-18;7850
2014-07-19;7876
2014-07-20;7878
2014-07-21;7834
2014-07-22;7843
2014-07-23;7839
2014-07-24;7841
2014-07-25;7843
2014-07-26;7897
2014-07-27;7872
2014-07-28;7912
2014-07-29;7912
2014-07-30;7873
2014-07-31;7898
2014-08-01;7901
2014-08-02;7901
2014-08-03;7901
2014-08-04;7817
2014-08-05;7815
2014-08-06;7806
2014-08-07;7816
2014-08-08;7818
2014-08-09;7859
2014-08-10;7854
2014-08-11;7814
2014-08-12;7822
2014-08-13;7840
2014-08-14;7831
2014-08-15;7868
2014-08-16;7863
2014-08-17;7867
2014-08-18;7828
2014-08-19;7793
2014-08-20;7792
2014-08-21;7792
2014-08-22;7791
2014-08-23;7825
2014-08-24;7823
2014-08-25;7790
2014-08-26;7790
2014-08-27;7786
2014-08-28;7786
2014-08-29;7825
2014-08-30;7835
2014-08-31;7829
2014-09-01;7795
2014-09-02;7795
2014-09-03;7799
2014-09-04;7806
2014-09-05;7809
2014-09-06;7859
2014-09-07;7873
2014-09-08;7848
2014-09-09;7815
2014-09-10;7816
2014-09-11;7803
2014-09-12;7799
2014-09-13;7812
2014-09-14;7812
2014-09-15;7800
2014-09-16;7802
2014-09-17;7795
2014-09-18;7788
2014-09-19;7833
2014-09-20;7850
2014-09-21;7842
2014-09-22;7777
2014-09-23;7777
2014-09-24;7824
2014-09-25;7828
2014-09-26;7785
2014-09-27;7830
2014-09-28;7834
2014-09-29;7833
2014-09-30;7850
2014-10-01;7861
2014-10-02;7861
2014-10-03;7863
2014-10-04;7911
2014-10-05;7914
2014-10-06;7866
2014-10-07;7892
2014-10-08;7899
2014-10-09;7906
2014-10-10;7894
2014-10-11;7897
2014-10-12;7899
2014-10-13;7902
2014-10-14;7917
2014-10-15;7881
2014-10-16;7882
2014-10-17;7882
2014-10-18;7893
2014-10-19;7890
2014-10-20;7918
2014-10-21;7918
2014-10-22;7930
2014-10-23;7916
2014-10-24;7920
2014-10-25;7918
2014-10-26;7930
2014-10-27;7942
2014-10-28;7972
2014-10-29;7974
2014-10-30;7975
2014-10-31;7973
2014-11-01;7967
2014-11-02;7969
2014-11-03;7981
2014-11-04;7999
2014-11-05;7985
2014-11-06;7988
2014-11-07;7997
2014-11-08;7998
2014-11-09;8004
2014-11-10;8025
2014-11-11;8062
2014-11-12;8047
2014-11-13;8623
2014-11-14;8642
2014-11-15;8661
2014-11-16;8649
2014-11-17;8675
2014-11-18;8688
2014-11-19;8721
2014-11-20;8234
2014-11-21;8759
2014-11-22;8771
2014-11-23;8772
2014-11-24;8775
2014-11-25;8796
2014-11-26;8824
2014-11-27;8337
2014-11-28;8364
2014-11-29;8382
2014-11-30;8423
2014-12-01;8508
2014-12-02;8561
2014-12-03;8558
2014-12-04;8578
2014-12-05;8584
2014-12-06;8595
2014-12-07;8594
2014-12-08;8709
2014-12-09;8708
2014-12-10;8711
2014-12-11;8725
2014-12-12;8735
2014-12-13;8761
2014-12-14;8754
2014-12-15;8778
2014-12-16;8822
2014-12-17;8831
2014-12-18;8833
2014-12-19;8833
2014-12-20;8849
2014-12-21;8864
2014-12-22;8863
2014-12-23;8864
2014-12-24;8854
2014-12-25;8884
2014-12-26;8884
2014-12-27;8892
2014-12-28;8897
2014-12-29;8882
2014-12-30;8896
2014-12-31;8857
2015-01-01;8865
2015-01-02;8868
2015-01-03;8868
2015-01-04;8869
2015-01-05;8863
2015-01-06;8864
2015-01-07;8886
2015-01-08;8875
2015-01-09;8872
2015-01-10;8878
2015-01-11;8897
2015-01-12;8899
2015-01-13;8899
2015-01-14;8883
2015-01-15;8879
2015-01-16;8896
2015-01-17;8895
2015-01-18;8895
2015-01-19;8907
2015-01-20;8876
2015-01-21;8891
2015-01-22;8867
2015-01-23;8867
2015-01-24;8862
2015-01-25;8855
2015-01-26;8845
2015-01-27;8842
2015-01-28;8855
2015-01-29;8855
2015-01-30;8851
2015-01-31;8856
2015-02-01;8851
2015-02-02;8852
2015-02-03;8875
2015-02-04;8880
2015-02-05;8868
2015-02-06;8881
2015-02-07;8883
2015-02-08;8883
2015-02-09;8883
2015-02-10;8876
2015-02-11;8903
2015-02-12;8900
2015-02-13;8902
2015-02-14;8922
2015-02-15;8927
2015-02-16;8988
2015-02-17;9017
2015-02-18;9052
2015-02-19;9067
2015-02-20;9082
2015-02-21;9166
2015-02-22;9223
2015-02-23;9418
2015-02-24;9541
2015-02-25;9649
2015-02-26;9705
2015-02-27;9725
2015-02-28;9748
2015-03-01;9748
2015-03-02;9728
2015-03-03;9767
2015-03-04;9727
2015-03-05;9667
2015-03-06;9623
2015-03-07;9599
2015-03-08;9589
2015-03-09;9482
2015-03-10;9452
2015-03-11;9429
2015-03-12;9368
2015-03-13;9330
2015-03-14;9281
2015-03-15;9258
2015-03-16;9193
2015-03-17;9162
2015-03-18;9126
2015-03-19;9123
2015-03-20;9133
2015-03-21;9135
2015-03-22;9117
2015-03-23;9038
2015-03-24;9009
2015-03-25;8998
2015-03-26;8922
2015-03-27;8917
2015-03-28;8869
2015-03-29;8845
2015-03-30;8705
2015-03-31;8724
2015-04-01;8685
2015-04-02;8677
2015-04-03;8674
2015-04-04;8661
2015-04-05;8652
2015-04-06;8576
2015-04-07;8561
2015-04-08;8575
2015-04-09;8556
2015-04-10;8543
2015-04-11;8541
2015-04-12;8536
2015-04-13;8493
2015-04-14;8483
2015-04-15;8472
2015-04-16;8468
2015-04-17;8445
2015-04-18;8457
2015-04-19;8465
2015-04-20;8418
2015-04-21;8410
2015-04-22;8411
2015-04-23;8418
2015-04-24;8409
2015-04-25;8410
2015-04-26;8398
2015-04-27;8423
2015-04-28;8427
2015-04-29;8432
2015-04-30;8427
2015-05-01;8430
2015-05-02;8421
2015-05-03;8421
2015-05-04;8420
2015-05-05;8427
2015-05-06;8427
2015-05-07;8437
2015-05-08;8435
2015-05-09;8437
2015-05-10;8445
2015-05-11;8441
2015-05-12;8430
2015-05-13;8460
2015-05-14;8461
2015-05-15;8456
2015-05-16;8456
2015-05-17;8464
2015-05-18;8452
2015-05-19;8436
2015-05-20;8447
2015-05-21;8439
2015-05-22;8430
2015-05-23;8438
2015-05-24;8428
2015-05-25;8436
2015-05-26;8419
2015-05-27;8419
2015-05-28;8433
2015-05-29;8434
2015-05-30;8440
2015-05-31;8452
2015-06-01;8470
2015-06-02;8472
2015-06-03;8482
2015-06-04;8508
2015-06-05;8511
2015-06-06;8514
2015-06-07;8514
2015-06-08;8522
2015-06-09;8538
2015-06-10;8537
2015-06-11;8540
2015-06-12;8548
2015-06-13;8552
2015-06-14;8554
2015-06-15;8565
2015-06-16;8563
2015-06-17;8568
2015-06-18;8571
2015-06-19;8587
2015-06-20;8597
2015-06-21;8584
2015-06-22;8581
2015-06-23;8599
2015-06-24;8603
2015-06-25;8625
2015-06-26;8622
2015-06-27;8618
2015-06-28;8616
2015-06-29;8618
2015-06-30;8632
2015-07-01;8607
2015-07-02;8597
2015-07-03;8609
2015-07-04;8611
2015-07-05;8620
2015-07-06;8624
2015-07-07;8622
2015-07-08;8624
2015-07-09;8625
2015-07-10;8626
2015-07-11;8626
2015-07-12;8627
2015-07-13;8629
2015-07-14;8633
2015-07-15;8634
2015-07-16;8630
2015-07-17;8647
2015-07-18;8644
2015-07-19;8635
2015-07-20;8664
2015-07-21;8666
2015-07-22;8667
2015-07-23;8679
2015-07-24;8685
2015-07-25;8687
2015-07-26;8662
2015-07-27;8638
2015-07-28;8634
2015-07-29;8649
2015-07-30;8663
2015-07-31;8663
2015-08-01;8663
2015-08-02;8659
2015-08-03;8701
2015-08-04;8718
2015-08-05;8726
2015-08-06;8737
2015-08-07;8746
2015-08-08;8747
2015-08-09;8777
2015-08-10;8808
2015-08-11;8818
2015-08-12;8837
2015-08-13;8853
2015-08-14;8853
2015-08-15;8862
2015-08-16;8862
2015-08-17;8869
2015-08-18;8893
2015-08-19;8906
2015-08-20;8901
2015-08-21;8909
2015-08-22;8907
2015-08-23;8918
2015-08-24;8940
2015-08-25;8947
2015-08-26;8952
2015-08-27;8951
2015-08-28;8967
2015-08-29;8971
2015-08-30;8968
2015-08-31;9003
2015-09-01;9003
2015-09-02;9009
2015-09-03;9041
2015-09-04;9052
2015-09-05;9054
2015-09-06;9067
2015-09-07;9082
2015-09-08;9070
2015-09-09;9074
2015-09-10;9043
2015-09-11;9057
2015-09-12;9064
2015-09-13;9069
2015-09-14;9094
2015-09-15;9105
2015-09-16;9121
2015-09-17;9169
2015-09-18;9169
2015-09-19;9169
2015-09-20;9172
2015-09-21;9176
2015-09-22;9180
2015-09-23;9180
2015-09-24;9163
2015-09-25;9186
2015-09-26;9190
2015-09-27;9193
2015-09-28;9245
2015-09-29;9228
2015-09-30;9262
2015-10-01;9268
2015-10-02;9328
2015-10-03;9334
2015-10-04;9335
2015-10-05;9357
2015-10-06;9354
2015-10-07;9343
2015-10-08;9341
2015-10-09;9344
2015-10-10;9344
2015-10-11;9344
2015-10-12;9342
2015-10-13;9339
2015-10-14;9341
2015-10-15;9341
2015-10-16;9345
2015-10-17;9339
2015-10-18;9334
2015-10-19;9304
2015-10-20;9300
2015-10-21;9300
2015-10-22;9290
2015-10-23;9290
2015-10-24;9292
2015-10-25;9297
2015-10-26;9302
2015-10-27;9302
2015-10-28;9301
2015-10-29;9310
2015-10-30;9310
2015-10-31;9302
2015-11-01;9315
2015-11-02;9308
2015-11-03;9316
2015-11-04;9316
2015-11-05;9314
2015-11-06;9308
2015-11-07;9309
2015-11-08;9302
2015-11-09;9295
2015-11-10;9295
2015-11-11;9300
2015-11-12;9300
2015-11-13;9304
2015-11-14;9302
2015-11-15;9300
2015-11-16;9317
2015-11-17;9319
2015-11-18;9325
2015-11-19;9337
2015-11-20;9323
2015-11-21;9326
2015-11-22;9327
2015-11-23;9342
2015-11-24;9353
2015-11-25;9372
2015-11-26;9382
2015-11-27;9383
2015-11-28;9388
2015-11-29;9381
2015-11-30;9382
2015-12-01;9389
2015-12-02;9372
2015-12-03;9394
2015-12-04;9401
2015-12-05;9391
2015-12-06;9401
2015-12-07;9409
2015-12-08;9404
2015-12-09;9421
2015-12-10;9427
2015-12-11;9435
2015-12-12;9435
2015-12-13;9436
2015-12-14;9461
2015-12-15;9475
2015-12-16;9484
2015-12-17;9487
2015-12-18;9485
2015-12-19;9486
2015-12-20;9499
2015-12-21;9496
2015-12-22;9493
2015-12-23;9493
2015-12-24;9484
2015-12-25;9468
2015-12-26;9471
2015-12-27;9468
2015-12-28;9449
2015-12-29;9456
2015-12-30;9456
2015-12-31;9456
2016-01-01;9441
2016-01-02;9441
2016-01-03;9441
2016-01-04;9436
2016-01-05;9438
2016-01-06;9432
2016-01-07;9431
2016-01-08;9421
2016-01-09;9421
2016-01-10;9413
2016-01-11;9407
2016-01-12;9407
2016-01-13;9404
2016-01-14;9428
2016-01-15;9430
2016-01-16;9432
2016-01-17;9432
2016-01-18;9424
2016-01-19;9428
2016-01-20;9428
2016-01-21;9437
2016-01-22;9440
2016-01-23;9440
2016-01-24;9440
2016-01-25;9452
2016-01-26;9467
2016-01-27;9497
2016-01-28;9467
2016-01-29;9467
2016-01-30;9467
2016-01-31;9467
2016-02-01;9465
2016-02-02;9488
2016-02-03;9432
2016-02-04;9423
2016-02-05;9432
2016-02-06;9264
2016-02-07;9278
2016-02-08;9287
2016-02-09;9273
2016-02-10;9280
2016-02-11;9295
2016-02-12;9299
2016-02-13;9282
2016-02-14;9259
2016-02-15;9223
2016-02-16;9233
2016-02-17;9209
2016-02-18;9254
2016-02-19;9208
2016-02-20;9229
2016-02-21;9217
2016-02-22;9183
2016-02-23;9390
2016-02-24;9121
2016-02-25;9398
2016-02-26;9350
2016-02-27;9339
2016-02-28;9339
2016-02-29;9318
2016-03-01;9306
2016-03-02;9053
2016-03-03;9357
2016-03-04;9316
2016-03-05;9256
2016-03-06;9230
2016-03-07;9248
2016-03-08;9209
2016-03-09;9278
2016-03-10;9213
2016-03-11;9194
2016-03-12;9178
2016-03-13;9188
2016-03-14;9194
2016-03-15;9206
2016-03-16;9178
2016-03-17;9206
2016-03-18;9217
2016-03-19;9195
2016-03-20;9193
2016-03-21;9218
2016-03-22;9187
2016-03-23;9163
2016-03-24;9149
2016-03-25;9064
2016-03-26;9062
2016-03-27;9058
2016-03-28;9140
2016-03-29;9069
2016-03-30;9037
2016-03-31;8997
2016-04-01;8931
2016-04-02;8902
2016-04-03;8910
2016-04-04;8919
2016-04-05;8922
2016-04-06;8896
2016-04-07;8894
2016-04-08;8877
2016-04-09;8844
2016-04-10;8851
2016-04-11;8819
2016-04-12;8815
2016-04-13;8798
2016-04-14;8781
2016-04-15;8763
2016-04-16;8782
2016-04-17;8767
2016-04-18;8761
2016-04-19;9781
2016-04-20;8711
2016-04-21;8740
2016-04-22;8717
2016-04-23;8758
2016-04-24;8761
2016-04-25;8806
2016-04-26;8745
2016-04-27;8758
2016-04-28;8705
2016-04-29;8694
2016-04-30;8679
2016-05-01;8672
2016-05-02;8720
2016-05-03;8730
2016-05-04;11037
2016-05-05;8715
2016-05-06;8728
2016-05-07;8733
2016-05-08;8706
2016-05-09;8741
2016-05-10;8751
2016-05-11;9499
2016-05-12;8747
2016-05-13;8744
2016-05-14;8722
2016-05-15;8699
2016-05-16;8746
2016-05-17;8733
2016-05-18;9900
2016-05-19;10154
2016-05-20;8774
2016-05-21;9505
2016-05-22;8758
2016-05-23;9521
2016-05-24;8840
2016-05-25;8817
2016-05-26;8783
2016-05-27;8769
2016-05-28;8759
2016-05-29;8766
2016-05-30;8813
2016-05-31;8818
2016-06-01;8823
2016-06-02;8826
2016-06-03;8823
2016-06-04;8806
2016-06-05;8812
2016-06-06;8838
2016-06-07;8811
2016-06-08;8823
2016-06-09;8814
2016-06-10;8814
2016-06-11;8815
2016-06-12;8820
2016-06-13;8848
2016-06-14;8841
2016-06-15;8835
2016-06-16;8813
2016-06-17;8857
2016-06-18;8814
2016-06-19;8824
2016-06-20;8838
2016-06-21;8800
2016-06-22;8859
2016-06-23;8801
2016-06-24;8846
2016-06-25;8861
2016-06-26;8828
2016-06-27;8861
2016-06-28;8855
2016-06-29;8864
2016-06-30;8892
2016-07-01;8894
2016-07-02;8851
2016-07-03;8830
2016-07-04;8866
2016-07-05;8893
2016-07-06;8842
2016-07-07;8828
2016-07-08;8809
2016-07-09;8829
2016-07-10;8818
2016-07-11;8891
2016-07-12;8915
2016-07-13;8919
2016-07-14;8914
2016-07-15;8875
2016-07-16;8885
2016-07-17;8808
2016-07-18;8859
2016-07-19;8891
2016-07-20;8870
2016-07-21;8892
2016-07-22;8891
2016-07-23;8824
2016-07-24;8828
2016-07-25;8834
2016-07-26;8818
2016-07-27;8807
2016-07-28;8816
2016-07-29;8792
2016-07-30;8798
2016-07-31;8800
2016-08-01;8853
2016-08-02;8838
2016-08-03;8798
2016-08-04;8818
2016-08-05;8769
2016-08-06;8730
2016-08-07;8754
2016-08-08;8795
2016-08-09;8787
2016-08-10;8810
2016-08-11;8772
2016-08-12;8755
2016-08-13;8722
2016-08-14;8728
2016-08-15;8778
2016-08-16;8785
2016-08-17;8746
2016-08-18;8786
2016-08-19;8793
2016-08-20;8735
2016-08-21;8744
2016-08-22;8702
2016-08-23;8753
2016-08-24;8718
2016-08-25;8746
2016-08-26;8736
2016-08-27;8659
2016-08-28;8666
2016-08-29;8694
2016-08-30;8692
2016-08-31;8697
2016-09-01;8704
2016-09-02;8742
2016-09-03;8691
2016-09-04;8705
2016-09-05;8709
2016-09-06;8732
2016-09-07;8743
2016-09-08;8741
2016-09-09;8768
2016-09-10;8738
2016-09-11;8760
2016-09-12;8776
2016-09-13;8766
2016-09-14;8813
2016-09-15;8843
2016-09-16;8807
2016-09-17;8776
2016-09-18;8801
2016-09-19;8857
2016-09-20;8850
2016-09-21;8840
2016-09-22;8830
2016-09-23;8764
2016-09-24;8764
2016-09-25;8764
2016-09-26;8804
2016-09-27;8795
2016-09-28;8824
2016-09-29;8805
2016-09-30;8840
2016-10-01;8767
2016-10-02;8777
2016-10-03;8781
2016-10-04;8806
2016-10-05;8789
2016-10-06;8796
2016-10-07;8786
2016-10-08;8740
2016-10-09;8737
2016-10-10;8750
2016-10-11;8728
2016-10-12;8726
2016-10-13;8758
2016-10-14;8736
2016-10-15;8712
2016-10-16;8747
2016-10-17;8738
2016-10-18;8764
2016-10-19;8761
2016-10-20;8745
2016-10-21;8732
2016-10-22;8723
2016-10-23;8734
2016-10-24;8747
2016-10-25;8751
2016-10-26;8726
2016-10-27;8778
2016-10-28;8752
2016-10-29;8704
2016-10-30;8703
2016-10-31;8726
2016-11-01;8735
2016-11-02;8752
2016-11-03;8749
2016-11-04;8751
2016-11-05;8719
2016-11-06;8721
2016-11-07;8748
2016-11-08;8741
2016-11-09;8760
2016-11-10;8744
2016-11-11;8751
2016-11-12;8732
2016-11-13;8727
2016-11-14;8661
2016-11-15;8761
2016-11-16;8750
2016-11-17;8770
2016-11-18;8753
2016-11-19;8669
2016-11-20;8764
2016-11-21;8783
2016-11-22;8695
2016-11-23;8808
2016-11-24;8792
2016-11-25;8772
2016-11-26;8745
2016-11-27;8737
2016-11-28;8728
2016-11-29;8756
2016-11-30;8727
2016-12-01;8765
2016-12-02;8781
2016-12-03;8750
2016-12-04;8753
2016-12-05;8766
2016-12-06;8822
2016-12-07;8789
2016-12-08;8789
2016-12-09;8834
2016-12-10;8765
2016-12-11;8787
2016-12-12;8756
2016-12-13;8810
2016-12-14;8810
2016-12-15;8814
2016-12-16;8808
2016-12-17;8784
2016-12-18;8802
2016-12-19;8809
2016-12-20;8803
2016-12-21;8788
2016-12-22;8795
2016-12-23;8835
2016-12-24;8869
2016-12-25;8819
2016-12-26;8825
2016-12-27;8831
2016-12-28;8844
2016-12-29;8864
2016-12-30;8857
2016-12-31;8839
2017-01-01;8797
2017-01-02;8813
2017-01-03;8844
2017-01-04;8855
2017-01-05;8803
2017-01-06;8836
2017-01-07;8787
2017-01-08;8804
2017-01-09;8837
2017-01-10;8867
2017-01-11;8853
2017-01-12;8863
2017-01-13;8873
2017-01-14;8846
2017-01-15;8856
2017-01-16;8879
2017-01-17;8868
2017-01-18;8854
2017-01-19;8877
2017-01-20;8886
2017-01-21;8849
2017-01-22;8850
2017-01-23;8843
2017-01-24;8860
2017-01-25;8860
2017-01-26;8887
2017-01-27;8835
2017-01-28;8815
2017-01-29;8829
2017-01-30;8849
2017-01-31;8824
2017-02-01;8836
2017-02-02;8832
2017-02-03;8821
2017-02-04;8799
2017-02-05;8791
2017-02-06;8839
2017-02-07;8849
2017-02-08;8821
2017-02-09;8819
2017-02-10;8823
2017-02-11;8819
2017-02-12;8795
2017-02-13;8836
2017-02-14;8829
2017-02-15;8806
2017-02-16;8807
2017-02-17;8798
2017-02-18;8802
2017-02-19;8782
2017-02-20;8807
2017-02-21;8798
2017-02-22;8782
2017-02-23;9495
2017-02-24;8754
2017-02-25;8748
2017-02-26;8726
2017-02-27;8753
2017-02-28;8765
2017-03-01;8750
2017-03-02;8742
2017-03-03;8750
2017-03-04;8740
2017-03-05;8738
2017-03-06;8734
2017-03-07;8722
2017-03-08;8701
2017-03-09;8698
2017-03-10;8712
2017-03-11;8704
2017-03-12;8690
2017-03-13;8690
2017-03-14;8654
2017-03-15;8669
2017-03-16;8669
2017-03-17;8681
2017-03-18;8641
2017-03-19;8640
2017-03-20;8655
2017-03-21;8658
2017-03-22;8673
2017-03-23;8671
2017-03-24;8654
2017-03-25;8648
2017-03-26;8652
2017-03-27;8672
2017-03-28;8641
2017-03-29;8649
2017-03-30;8639
2017-03-31;8617
2017-04-01;8596
2017-04-02;9343
2017-04-03;8610
2017-04-04;8608
2017-04-05;8610
2017-04-06;8594
2017-04-07;8600
2017-04-08;8619
2017-04-09;8614
2017-04-10;8618
2017-04-11;8637
2017-04-12;8614
2017-04-13;8606
2017-04-14;8589
2017-04-15;8621
2017-04-16;8626
2017-04-17;8632
2017-04-18;8647
2017-04-19;8631
2017-04-20;8632
2017-04-21;8643
2017-04-22;8638
2017-04-23;8631
2017-04-24;8637
2017-04-25;8635
2017-04-26;8629
2017-04-27;8612
2017-04-28;8617
2017-04-29;8642
2017-04-30;8638
2017-05-01;8633
2017-05-02;8630
2017-05-03;8639
2017-05-04;8627
2017-05-05;8648
2017-05-06;8650
2017-05-07;8637
2017-05-08;8650
2017-05-09;8650
2017-05-10;8689
2017-05-11;8684
2017-05-12;8720
2017-05-13;8727
2017-05-14;8764
2017-05-15;8690
2017-05-16;8707
2017-05-17;8696
2017-05-18;8683
2017-05-19;8690
2017-05-20;8696
2017-05-21;8692
2017-05-22;8706
2017-05-23;8687
2017-05-24;8695
2017-05-25;8694
2017-05-26;8686
2017-05-27;8688
2017-05-28;8682
2017-05-29;8693
2017-05-30;8690
2017-05-31;8688
2017-06-01;8693
2017-06-02;8693
2017-06-03;8690
2017-06-04;8704
2017-06-05;8716
2017-06-06;8709
2017-06-07;8719
2017-06-08;8711
2017-06-09;8722
2017-06-10;8728
2017-06-11;8725
2017-06-12;8715
2017-06-13;8703
2017-06-14;8720
2017-06-15;8724
2017-06-16;8712
2017-06-17;8710
2017-06-18;8694
2017-06-19;8705
2017-06-20;8698
2017-06-21;8705
2017-06-22;8714
2017-06-23;8719
2017-06-24;8716
2017-06-25;8696
2017-06-26;8685
2017-06-27;8704
2017-06-28;8718
2017-06-29;8708
2017-06-30;8723
2017-07-01;8721
2017-07-02;8725
2017-07-03;8723
2017-07-04;8717
2017-07-05;8721
2017-07-06;8709
2017-07-07;8700
2017-07-08;8703
2017-07-09;8695
2017-07-10;8701
2017-07-11;8684
2017-07-12;8685
2017-07-13;8672
2017-07-14;8680
2017-07-15;8682
2017-07-16;8684
2017-07-17;8685
2017-07-18;8673
2017-07-19;8676
2017-07-20;8685
2017-07-21;8671
2017-07-22;8671
2017-07-23;8666
2017-07-24;8676
2017-07-25;8682
2017-07-26;8682
2017-07-27;8672
2017-07-28;8665
2017-07-29;8660
2017-07-30;8662
2017-07-31;8670
2017-08-01;8685
2017-08-02;8681
2017-08-03;8689
2017-08-04;8670
2017-08-05;8679
2017-08-06;8678
2017-08-07;8688
2017-08-08;8670
2017-08-09;8665
2017-08-10;8666
2017-08-11;8676
2017-08-12;8682
2017-08-13;8682
2017-08-14;8685
2017-08-15;8694
2017-08-16;8687
2017-08-17;8685
2017-08-18;8703
2017-08-19;8706
2017-08-20;8693
2017-08-21;8701
2017-08-22;8693
2017-08-23;8661
2017-08-24;8668
2017-08-25;8689
2017-08-26;8696
2017-08-27;8687
2017-08-28;8691
2017-08-29;8679
2017-08-30;8693
2017-08-31;8705
2017-09-01;8685
2017-09-02;8699
2017-09-03;8699
2017-09-04;8708
2017-09-05;8746
2017-09-06;8715
2017-09-07;8736
2017-09-08;8733
2017-09-09;8732
2017-09-10;8742
2017-09-11;8729
2017-09-12;8734
2017-09-13;8728
2017-09-14;8741
2017-09-15;8758
2017-09-16;8778
2017-09-17;8778
2017-09-18;8786
2017-09-19;8814
2017-09-20;8796
2017-09-21;8794
2017-09-22;8819
2017-09-23;8836
2017-09-24;8871
2017-09-25;8914
2017-09-26;8898
2017-09-27;8918
2017-09-28;8926
2017-09-29;8927
2017-09-30;8910
2017-10-01;8908
2017-10-02;8939
2017-10-03;8940
2017-10-04;8939
2017-10-05;8961
2017-10-06;8976
2017-10-07;8952
2017-10-08;8974
2017-10-09;8985
2017-10-10;8983
2017-10-11;9008
2017-10-12;8998
2017-10-13;9004
2017-10-14;8985
2017-10-15;8990
2017-10-16;9018
2017-10-17;9024
2017-10-18;9038
2017-10-19;9038
2017-10-20;9029
2017-10-21;9033
2017-10-22;9048
2017-10-23;9056
2017-10-24;9064
2017-10-25;9048
2017-10-26;9053
2017-10-27;9061
2017-10-28;9048
2017-10-29;9061
2017-10-30;9082
2017-10-31;9098
2017-11-01;9095
2017-11-02;9113
2017-11-03;9117
2017-11-04;9128
2017-11-05;9135
2017-11-06;9129
2017-11-07;9118
2017-11-08;9092
2017-11-09;9134
2017-11-10;9137
2017-11-11;9141
2017-11-12;9151
2017-11-13;9173
2017-11-14;9194
2017-11-15;9221
2017-11-16;9241
2017-11-17;9237
2017-11-18;9228
2017-11-19;9225
2017-11-20;9264
2017-11-21;9249
2017-11-22;9273
2017-11-23;9254
2017-11-24;9254
2017-11-25;9252
2017-11-26;9252
2017-11-27;9243
2017-11-28;9272
2017-11-29;9282
2017-11-30;9268
2017-12-01;9279
2017-12-02;9278
2017-12-03;9275
2017-12-04;9283
2017-12-05;9311
2017-12-06;9324
2017-12-07;9308
2017-12-08;9318
2017-12-09;9345
2017-12-10;9358
2017-12-11;9422
2017-12-12;9432
2017-12-13;9440
2017-12-14;9494
2017-12-15;9506
2017-12-16;9512
2017-12-17;9512
2017-12-18;9623
2017-12-19;9716
2017-12-20;9742
2017-12-21;9799
2017-12-22;9841
2017-12-23;9788
2017-12-24;9823
2017-12-25;9813
2017-12-26;9825
2017-12-27;9845
2017-12-28;9858
2017-12-29;9915
2017-12-30;9940
2017-12-31;9942
2018-01-01;9928
2018-01-02;10013
2018-01-03;10107
2018-01-04;10127
2018-01-05;10114
2018-01-06;10115
2018-01-07;10133
2018-01-08;10219
2018-01-09;10306
2018-01-10;10326
2018-01-11;10460
2018-01-12;10483
2018-01-13;10569
2018-01-14;10586
2018-01-15;10634
2018-01-16;10596
2018-01-17;10639
2018-01-18;10662
2018-01-19;10664
2018-01-20;10668
2018-01-21;10666
2018-01-22;10717
2018-01-23;10697
2018-01-24;10672
2018-01-25;10672
2018-01-26;10705
2018-01-27;10653
2018-01-28;10665
2018-01-29;10663
2018-01-30;10660
2018-01-31;10647
2018-02-01;10671
2018-02-02;10677
2018-02-03;10637
2018-02-04;10645
2018-02-05;10631
2018-02-06;10601
2018-02-07;10596
2018-02-08;10629
2018-02-09;10623
2018-02-10;10594
2018-02-11;10596
2018-02-12;10655
2018-02-13;10645
2018-02-14;10619
2018-02-15;10588
2018-02-16;10565
2018-02-17;10574
2018-02-18;10573
2018-02-19;10624
2018-02-20;10589
2018-02-21;10589
2018-02-22;10586
2018-02-23;10569
2018-02-24;10547
2018-02-25;10558
2018-02-26;10505
2018-02-27;10468
2018-02-28;10455
2018-03-01;10430
2018-03-02;10411
2018-03-03;10355
2018-03-04;10355
2018-03-05;10276
2018-03-06;10230
2018-03-07;10206
2018-03-08;10205
2018-03-09;10197
2018-03-10;10178
2018-03-11;10197
2018-03-12;10199
2018-03-13;10130
2018-03-14;10103
2018-03-15;10078
2018-03-16;10087
2018-03-17;10089
2018-03-18;10069
2018-03-19;10012
2018-03-20;10007
2018-03-21;10025
2018-03-22;10012
2018-03-23;9975
2018-03-24;9978
2018-03-25;9976
2018-03-26;9979
2018-03-27;9986
2018-03-28;9969
2018-03-29;9966
2018-03-30;9946
2018-03-31;9944
2018-04-01;9954
2018-04-02;9913
2018-04-03;9893
2018-04-04;9863
2018-04-05;9839
2018-04-06;9826
2018-04-07;9791
2018-04-08;9780
2018-04-09;9763
2018-04-10;9773
2018-04-11;9767
2018-04-12;9736
2018-04-13;9753
2018-04-14;9725
2018-04-15;9735
2018-04-16;9723
2018-04-17;9716
2018-04-18;9716
2018-04-19;9706
2018-04-20;9722
2018-04-21;9700
2018-04-22;9687
2018-04-23;9692
2018-04-24;9676
2018-04-25;9660
2018-04-26;9667
2018-04-27;9644
2018-04-28;9642
2018-04-29;9621
2018-04-30;9655
2018-05-01;9651
2018-05-02;9614
2018-05-03;9608
2018-05-04;9601
2018-05-05;9620
2018-05-06;9589
2018-05-07;9548
2018-05-08;9517
2018-05-09;9515
2018-05-10;9483
2018-05-11;9502
2018-05-12;9514
2018-05-13;9519
2018-05-14;9513
2018-05-15;9514
2018-05-16;9522
2018-05-17;9529
2018-05-18;9499
2018-05-19;9498
2018-05-20;9483
2018-05-21;9446
2018-05-22;9484
2018-05-23;9441
2018-05-24;9446
2018-05-25;9453
2018-05-26;9457
2018-05-27;9458
2018-05-28;9450
2018-05-29;9456
2018-05-30;9445
2018-05-31;9459
2018-06-01;9447
2018-06-02;9445
2018-06-03;9434
2018-06-04;9457
2018-06-05;9457
2018-06-06;9449
2018-06-07;9420
2018-06-08;9422
2018-06-09;9442
2018-06-10;9449
2018-06-11;9454
2018-06-12;9462
2018-06-13;9427
2018-06-14;9414
2018-06-15;9429
2018-06-16;9455
2018-06-17;9436
2018-06-18;9445
2018-06-19;9427
2018-06-20;9423
2018-06-21;9429
2018-06-22;9422
2018-06-23;9410
2018-06-24;9407
2018-06-25;9392
2018-06-26;9408
2018-06-27;9404
2018-06-28;9379
2018-06-29;9356
2018-06-30;9375
2018-07-01;9391
2018-07-02;9381
2018-07-03;9355
2018-07-04;9351
2018-07-05;9344
2018-07-06;9330
2018-07-07;9331
2018-07-08;9336
2018-07-09;9366
2018-07-10;9351
2018-07-11;9378
2018-07-12;9387
2018-07-13;9363
2018-07-14;9367
2018-07-15;9364
2018-07-16;9344
2018-07-17;9326
2018-07-18;9323
2018-07-19;9329
2018-07-20;9337
2018-07-21;9346
2018-07-22;9345
2018-07-23;9354
2018-07-24;9349
2018-07-25;9334
2018-07-26;9330
2018-07-27;9343
2018-07-28;9337
2018-07-29;9342
2018-07-30;9334
2018-07-31;9334
2018-08-01;9321
2018-08-02;9323
2018-08-03;9323
2018-08-04;9354
2018-08-05;9321
2018-08-06;9324
2018-08-07;9324
2018-08-08;9325
2018-08-09;9334
2018-08-10;9338
2018-08-11;9334
2018-08-12;9321
2018-08-13;9310
2018-08-14;9314
2018-08-15;9302
2018-08-16;9302
2018-08-17;9303
2018-08-18;9308
2018-08-19;9310
2018-08-20;9299
2018-08-21;9290
2018-08-22;9285
2018-08-23;9293
2018-08-24;9311
2018-08-25;9321
2018-08-26;9317
2018-08-27;9341
2018-08-28;9346
2018-08-29;9356
2018-08-30;9368
2018-08-31;9350
2018-09-01;9345
2018-09-02;9352
2018-09-03;9366
2018-09-04;9370
2018-09-05;9336
2018-09-06;9347
2018-09-07;9353
2018-09-08;9345
2018-09-09;9357
2018-09-10;9348
2018-09-11;9347
2018-09-12;9333
2018-09-13;9333
2018-09-14;9344
2018-09-15;9346
2018-09-16;9342
2018-09-17;9354
2018-09-18;9359
2018-09-19;9354
2018-09-20;9370
2018-09-21;9382
2018-09-22;9393
2018-09-23;9391
2018-09-24;9382
2018-09-25;9380
2018-09-26;9394
2018-09-27;9402
2018-09-28;9402
2018-09-29;9408
2018-09-30;9406
2018-10-01;9403
2018-10-02;9407
2018-10-03;9403
2018-10-04;9414
2018-10-05;9413
2018-10-06;9404
2018-10-07;9400
2018-10-08;9415
2018-10-09;9431
2018-10-10;9431
2018-10-11;9444
2018-10-12;9446
2018-10-13;9452
2018-10-14;9452
2018-10-15;9473
2018-10-16;9463
2018-10-17;9460
2018-10-18;9467
2018-10-19;9454
2018-10-20;9454
2018-10-21;9453
2018-10-22;9451
2018-10-23;9447
2018-10-24;9449
2018-10-25;9439
2018-10-26;9440
2018-10-27;9453
2018-10-28;9461
2018-10-29;9448
2018-10-30;9432
2018-10-31;9443
2018-11-01;9443
2018-11-02;9445
2018-11-03;9451
2018-11-04;9453
2018-11-05;9492
2018-11-06;9508
2018-11-07;9511
2018-11-08;9535
2018-11-09;9531
2018-11-10;9534
2018-11-11;9540
2018-11-12;9547
2018-11-13;9545
2018-11-14;9550
2018-11-15;9562
2018-11-16;9557
2018-11-17;9581
2018-11-18;9581
2018-11-19;9584
2018-11-20;9590
2018-11-21;9602
2018-11-22;9604
2018-11-23;9610
2018-11-24;9613
2018-11-25;9614
2018-11-26;9613
2018-11-27;9615
2018-11-28;9623
2018-11-29;9631
2018-11-30;9622
2018-12-01;9653
2018-12-02;9669
2018-12-03;9678
2018-12-04;9682
2018-12-05;9682
2018-12-06;9673
2018-12-07;9673
2018-12-08;9676
2018-12-09;9672
2018-12-10;9667
2018-12-11;9676
2018-12-12;9674
2018-12-13;9689
2018-12-14;9692
2018-12-15;9676
2018-12-16;9686
2018-12-17;9683
2018-12-18;9686
2018-12-19;9673
2018-12-20;9680
2018-12-21;9683
2018-12-22;9691
2018-12-23;9684
2018-12-24;9692
2018-12-25;9683
2018-12-26;9680
2018-12-27;9736
2018-12-28;9732
2018-12-29;9738
2018-12-30;9741
2018-12-31;9762
2019-01-01;9762
2019-01-02;9761
2019-01-03;9739
2019-01-04;9741
2019-01-05;9745
2019-01-06;9745
2019-01-07;9738
2019-01-08;9745
2019-01-09;9719
2019-01-10;9719
2019-01-11;9732
2019-01-12;9732
2019-01-13;9728
2019-01-14;9738
2019-01-15;9742
2019-01-16;9728
2019-01-17;9734
2019-01-18;9747
2019-01-19;9747
2019-01-20;9740
2019-01-21;9741
2019-01-22;9733
2019-01-23;9741
2019-01-24;9743
2019-01-25;9761
2019-01-26;9749
2019-01-27;9740
2019-01-28;9759
2019-01-29;9764
2019-01-30;9760
2019-01-31;9752
2019-02-01;9762
2019-02-02;9749
2019-02-03;9747
2019-02-04;9750
2019-02-05;9748
2019-02-06;9742
2019-02-07;9739
2019-02-08;9756
2019-02-09;9742
2019-02-10;9743
2019-02-11;9735
2019-02-12;9742
2019-02-13;9735
2019-02-14;9730
2019-02-15;9730
2019-02-16;9737
2019-02-17;9738
2019-02-18;9752
2019-02-19;9743
2019-02-20;9722
2019-02-21;9742
2019-02-22;9740
2019-02-23;9731
2019-02-24;9744
2019-02-25;9734
2019-02-26;9729
2019-02-27;9725
2019-02-28;9720
2019-03-01;9727
2019-03-02;9726
2019-03-03;9740
2019-03-04;9740
2019-03-05;9730
2019-03-06;9719
2019-03-07;9716
2019-03-08;9716
2019-03-09;9727
2019-03-10;9723
2019-03-11;9718
2019-03-12;9711
2019-03-13;9718
2019-03-14;9723
2019-03-15;9721
2019-03-16;9718
2019-03-17;9711
2019-03-18;9708
2019-03-19;9694
2019-03-20;9698
2019-03-21;9686
2019-03-22;9691
2019-03-23;9691
2019-03-24;9681
2019-03-25;9681
2019-03-26;9668
2019-03-27;9651
2019-03-28;9643
2019-03-29;9635
2019-03-30;9603
2019-03-31;9604
2019-04-01;9588
2019-04-02;9582
2019-04-03;9588
2019-04-04;9579
2019-04-05;9560
2019-04-06;9562
2019-04-07;9557
2019-04-08;9551
2019-04-09;9542
2019-04-10;9537
2019-04-11;9548
2019-04-12;9556
2019-04-13;9551
2019-04-14;9547
2019-04-15;9544
2019-04-16;9528
2019-04-17;9532
2019-04-18;9528
2019-04-19;9515
2019-04-20;9516
2019-04-21;9516
2019-04-22;9537
2019-04-23;9522
2019-04-24;9503
2019-04-25;9500
2019-04-26;9504
2019-04-27;9502
2019-04-28;9499
2019-04-29;9497
2019-04-30;9483
2019-05-01;9494
2019-05-02;9508
2019-05-03;9496
2019-05-04;9511
2019-05-05;9515
2019-05-06;9511
2019-05-07;9509
2019-05-08;9506
2019-05-09;9466
2019-05-10;9458
2019-05-11;9446
2019-05-12;9435
2019-05-13;9428
2019-05-14;9396
2019-05-15;9393
2019-05-16;9402
2019-05-17;9407
2019-05-18;9401
2019-05-19;9392
2019-05-20;9402
2019-05-21;9394
2019-05-22;9399
2019-05-23;9389
2019-05-24;9385
2019-05-25;9380
2019-05-26;9382
2019-05-27;9376
2019-05-28;9368
2019-05-29;9375
2019-05-30;9379
2019-05-31;9378
2019-06-01;9376
2019-06-02;9373
2019-06-03;9375
2019-06-04;9375
2019-06-05;9404
2019-06-06;9413
2019-06-07;9377
2019-06-08;9371
2019-06-09;9375
2019-06-10;9376
2019-06-11;9367
2019-06-12;9382
2019-06-13;9375
2019-06-14;9375
2019-06-15;9388
2019-06-16;9388
2019-06-17;9387
2019-06-18;9371
2019-06-19;9375
2019-06-20;9381
2019-06-21;9370
2019-06-22;9374
2019-06-23;9369
2019-06-24;9375
2019-06-25;9373
2019-06-26;9379
2019-06-27;9363
2019-06-28;9366
2019-06-29;9363
2019-06-30;9366
2019-07-01;9356
2019-07-02;9349
2019-07-03;9354
2019-07-04;9354
2019-07-05;9351
2019-07-06;9354
2019-07-07;9354
2019-07-08;9362
2019-07-09;9363
2019-07-10;9363
2019-07-11;9361
2019-07-12;9363
2019-07-13;9363
2019-07-14;9363
2019-07-15;9362
2019-07-16;9362
2019-07-17;9358
2019-07-18;9353
2019-07-19;9353
2019-07-20;9349
2019-07-21;9349
2019-07-22;9349
2019-07-23;9342
2019-07-24;9350
2019-07-25;9350
2019-07-26;9396
2019-07-27;9404
2019-07-28;9354
2019-07-29;9358
2019-07-30;9349
2019-07-31;9352
2019-08-01;9356
2019-08-02;9343
2019-08-03;9354
2019-08-04;9344
2019-08-05;9359
2019-08-06;9352
2019-08-07;9354
2019-08-08;9348
2019-08-09;9348
2019-08-10;9348
2019-08-11;9345
2019-08-12;9346
2019-08-13;9350
2019-08-14;9330
2019-08-15;9332
2019-08-16;9338
2019-08-17;9338
2019-08-18;9338
2019-08-19;9339
2019-08-20;9339
2019-08-21;9348
2019-08-22;9348
2019-08-23;9359
2019-08-24;9359
2019-08-25;9359
2019-08-26;9329
2019-08-27;9324
2019-08-28;9335
2019-08-29;9335
2019-08-30;9341
2019-08-31;9344
2019-09-01;9344
2019-09-02;9361
2019-09-03;9366
2019-09-04;9376
2019-09-05;9383
2019-09-06;9390
2019-09-07;9379
2019-09-08;9379
2019-09-09;9382
2019-09-10;9382
2019-09-11;9381
2019-09-12;9381
2019-09-13;9386
2019-09-14;9392
2019-09-15;9392
2019-09-16;9380
2019-09-17;9383
2019-09-18;9375
2019-09-19;9378
2019-09-20;9371
2019-09-21;9376
2019-09-22;9376
2019-09-23;9371
2019-09-24;9371
2019-09-25;9378
2019-09-26;9377
2019-09-27;9382
2019-09-28;9380
2019-09-29;9380
2019-09-30;9380
2019-10-01;9376
2019-10-02;9388
2019-10-03;9416
2019-10-04;9394
2019-10-05;9395
2019-10-06;9403
2019-10-07;9391
2019-10-08;9408
2019-10-09;9408
2019-10-10;9411
2019-10-11;9411
2019-10-12;9421
2019-10-13;9416
2019-10-14;9414
2019-10-15;9413
2019-10-16;9418
2019-10-17;9419
2019-10-18;9426
2019-10-19;9439
2019-10-20;9426
2019-10-21;9432
2019-10-22;9437
2019-10-23;9437
2019-10-24;9437
2019-10-25;9427
2019-10-26;9420
2019-10-27;9420
2019-10-28;9430
2019-10-29;9447
2019-10-30;9462
2019-10-31;9464
2019-11-01;9456
2019-11-02;9449
2019-11-03;9444
2019-11-04;9449
2019-11-05;9442
2019-11-06;9444
2019-11-07;9444
2019-11-08;9444
2019-11-09;9449
2019-11-10;9448
2019-11-11;9453
2019-11-12;9453
2019-11-13;9454
2019-11-14;9461
2019-11-15;9468
2019-11-16;9468
2019-11-17;9464
2019-11-18;9465
2019-11-19;9504
2019-11-20;9504
2019-11-21;9504
2019-11-22;9505
2019-11-23;9509
2019-11-24;9516
2019-11-25;9518
2019-11-26;9515
2019-11-27;9515
2019-11-28;9515
2019-11-29;9515
2019-11-30;9515
2019-12-01;9515
2019-12-02;9512
2019-12-03;9500
2019-12-04;9489
2019-12-05;9496
2019-12-06;9493
2019-12-07;9493
2019-12-08;9493
2019-12-09;9493
2019-12-10;9497
2019-12-11;9492
2019-12-12;9502
2019-12-13;9500
2019-12-14;9499
2019-12-15;9500
2019-12-16;9496
2019-12-17;9496
2019-12-18;9492
2019-12-19;9509
2019-12-20;9509
2019-12-21;9514
2019-12-22;9513
2019-12-23;9526
2019-12-24;9526
2019-12-25;9533
2019-12-26;9530
2019-12-27;9539
2019-12-28;9546
2019-12-29;9556
2019-12-30;9565
2019-12-31;9571
2020-01-01;9575
2020-01-02;9571
2020-01-03;9571
2020-01-04;9570
2020-01-05;9570
2020-01-06;9577
2020-01-07;9577
2020-01-08;9580
2020-01-09;9577
2020-01-10;9578
2020-01-11;9578
2020-01-12;9578
2020-01-13;9616
2020-01-14;9614
2020-01-15;9647
2020-01-16;9652
2020-01-17;9646
2020-01-18;9646
2020-01-19;9644
2020-01-20;9639
2020-01-21;9641
2020-01-22;9709
2020-01-23;9682
2020-01-24;9689
2020-01-25;9661
2020-01-26;9655
2020-01-27;9684
2020-01-28;9695
2020-01-29;9695
2020-01-30;9711
2020-01-31;9723
2020-02-01;9732
2020-02-02;9732
2020-02-03;9743
2020-02-04;9736
2020-02-05;9740
2020-02-06;9743
2020-02-07;9740
2020-02-08;9751
2020-02-09;9754
2020-02-10;9764
2020-02-11;9755
2020-02-12;9752
2020-02-13;9768
2020-02-14;9766
2020-02-15;9769
2020-02-16;9770
2020-02-17;9780
2020-02-18;9783
2020-02-19;9787
2020-02-20;9788
2020-02-21;9796
2020-02-22;9797
2020-02-23;9794
2020-02-24;9784
2020-02-25;9776
2020-02-26;9763
2020-02-27;9763
2020-02-28;9754
2020-02-29;9766
2020-03-01;9773
2020-03-02;9787
2020-03-03;9774
2020-03-04;9784
2020-03-05;9783
2020-03-06;9789
2020-03-07;9791
2020-03-08;9804
2020-03-09;9803
2020-03-10;9790
2020-03-11;9791
2020-03-12;9790
2020-03-13;9787
2020-03-14;9791
2020-03-15;9788
2020-03-16;9783
2020-03-17;9776
2020-03-18;9774
2020-03-19;9801
2020-03-20;9803
2020-03-21;9807
2020-03-22;9806
2020-03-23;9822
2020-03-24;9832
2020-03-25;9844
2020-03-26;9841
2020-03-27;9854
2020-03-28;9844
2020-03-29;9841
2020-03-30;9845
2020-03-31;9850
2020-04-01;9876
2020-04-02;9883
2020-04-03;9883
2020-04-04;9890
2020-04-05;9888
2020-04-06;9892
2020-04-07;9880
2020-04-08;9864
2020-04-09;9840
2020-04-10;9828
2020-04-11;9836
2020-04-12;9834
2020-04-13;9840
2020-04-14;9839
2020-04-15;9822
2020-04-16;9824
2020-04-17;9825
2020-04-18;9816
2020-04-19;9824
2020-04-20;9813
2020-04-21;9808
2020-04-22;9806
2020-04-23;9792
2020-04-24;9783
2020-04-25;9783
2020-04-26;9779
2020-04-27;9777
2020-04-28;9781
2020-04-29;9775
2020-04-30;9775
2020-05-01;9786
2020-05-02;9773
2020-05-03;9783
2020-05-04;9776
2020-05-05;9777
2020-05-06;9786
2020-05-07;9780
2020-05-08;9763
2020-05-09;9762
2020-05-10;9766
2020-05-11;9761
2020-05-12;9757
2020-05-13;9766
2020-05-14;9755
2020-05-15;9755
2020-05-16;9758
2020-05-17;9763
2020-05-18;9768
2020-05-19;9759
2020-05-20;9754
2020-05-21;9752
2020-05-22;9763
2020-05-23;9760
2020-05-24;9782
2020-05-25;9758
2020-05-26;9742
2020-05-27;9737
2020-05-28;9737
2020-05-29;9734
2020-05-30;9732
2020-05-31;9745
2020-06-01;9743
2020-06-02;9741
2020-06-03;9726
2020-06-04;9722
2020-06-05;9722
2020-06-06;9723
2020-06-07;9724
2020-06-08;9717
2020-06-09;9714
2020-06-10;9714
2020-06-11;9713
2020-06-12;9714
2020-06-13;9705
2020-06-14;9703
2020-06-15;9704
2020-06-16;9694
2020-06-17;9701
2020-06-18;9686
2020-06-19;9672
2020-06-20;9677
2020-06-21;9679
2020-06-22;9669
2020-06-23;9680
2020-06-24;9683
2020-06-25;9683
2020-06-26;9686
2020-06-27;9672
2020-06-28;9671
2020-06-29;9660
2020-06-30;9654
2020-07-01;9654
2020-07-02;9655
2020-07-03;9646
2020-07-04;9645
2020-07-05;9646
2020-07-06;9653
2020-07-07;9655
2020-07-08;9642
2020-07-09;9634
2020-07-10;9639
2020-07-11;9635
2020-07-12;9633
2020-07-13;9644
2020-07-14;9640
2020-07-15;9646
2020-07-16;9628
2020-07-17;9617
2020-07-18;9619
2020-07-19;9627
2020-07-20;9619
2020-07-21;9614
2020-07-22;9614
2020-07-23;9617
2020-07-24;9617
2020-07-25;9617
2020-07-26;9620
2020-07-27;9626
2020-07-28;9626
2020-07-29;9630
2020-07-30;9634
2020-07-31;9630
2020-08-01;9626
2020-08-02;9628
2020-08-03;9647
2020-08-04;9631
2020-08-05;9639
2020-08-06;9635
2020-08-07;9635
2020-08-08;9639
2020-08-09;9635
2020-08-10;9636
2020-08-11;9636
2020-08-12;9642
2020-08-13;9641
2020-08-14;9639
2020-08-15;9634
2020-08-16;9634
2020-08-17;9633
2020-08-18;9633
2020-08-19;9633
2020-08-20;9628
2020-08-21;9629
2020-08-22;9636
2020-08-23;9635
2020-08-24;9637
2020-08-25;9648
2020-08-26;9644
2020-08-27;9643
2020-08-28;9629
2020-08-29;9632
2020-08-30;9631
2020-08-31;9634
2020-09-01;9634
2020-09-02;9637
2020-09-03;9643
2020-09-04;9654
2020-09-05;9672
2020-09-06;9658
2020-09-07;9654
2020-09-08;9657
2020-09-09;9661
2020-09-10;9661
2020-09-11;9657
2020-09-12;9653
2020-09-13;9665
2020-09-14;9660
2020-09-15;9656
2020-09-16;9659
2020-09-17;9663
2020-09-18;9653
2020-09-19;9655
2020-09-20;9655
2020-09-21;9669
2020-09-22;9662
2020-09-23;9662
2020-09-24;9662
2020-09-25;9688
2020-09-26;9654
2020-09-27;9652
2020-09-28;9652
2020-09-29;9652
2020-09-30;9657
2020-10-01;9658
2020-10-02;9670
2020-10-03;9670
2020-10-04;9670
2020-10-05;9666
2020-10-06;9658
2020-10-07;9665
2020-10-08;9662
2020-10-09;9662
2020-10-10;9662
2020-10-11;9666
2020-10-12;9682
2020-10-13;9668
2020-10-14;9670
2020-10-15;9670
2020-10-16;9669
2020-10-17;9669
2020-10-18;9667
2020-10-19;9656
2020-10-20;9655
2020-10-21;9655
2020-10-22;9655
2020-10-23;9647
2020-10-24;9647
2020-10-25;9652
2020-10-26;9642
2020-10-27;9645
2020-10-28;9642
2020-10-29;9639
2020-10-30;9653
2020-10-31;9653
2020-11-01;9662
2020-11-02;9671
2020-11-03;9657
2020-11-04;9657
2020-11-05;9658
2020-11-06;9658
2020-11-07;9658
2020-11-08;9658
2020-11-09;9658
2020-11-10;9660
2020-11-11;9660
2020-11-12;9656
2020-11-13;9656
2020-11-14;9669
2020-11-15;9666
2020-11-16;9650
2020-11-17;9653
2020-11-18;9663
2020-11-19;9663
2020-11-20;9663
2020-11-21;9660
2020-11-22;9660
2020-11-23;9661
2020-11-24;9668
2020-11-25;9669
2020-11-26;9667
2020-11-27;9660
2020-11-28;9662
2020-11-29;9661
2020-11-30;9660
2020-12-01;9657
2020-12-02;9657
2020-12-03;9657
2020-12-04;9654
2020-12-05;9650
2020-12-06;9650
2020-12-07;9656
2020-12-08;9654
2020-12-09;9648
2020-12-10;9646
2020-12-11;9651
2020-12-12;9649
2020-12-13;9647
2020-12-14;9650
2020-12-15;9650
2020-12-16;9653
2020-12-17;9663
2020-12-18;9669
2020-12-19;9671
2020-12-20;9671
2020-12-21;9674
2020-12-22;9674
2020-12-23;9676
2020-12-24;9682
2020-12-25;9673
2020-12-26;9673
2020-12-27;9672
2020-12-28;9674
2020-12-29;9668
2020-12-30;9670
2020-12-31;9670
2021-01-01;9673
2021-01-02;9667
2021-01-03;9664
2021-01-04;9659
2021-01-05;9643
2021-01-06;9652
2021-01-07;9652
2021-01-08;9669
2021-01-09;9664
2021-01-10;9659
2021-01-11;9651
2021-01-12;9663
2021-01-13;9672
2021-01-14;9673
2021-01-15;9664
2021-01-16;9664
2021-01-17;9661
2021-01-18;9658
2021-01-19;9658
2021-01-20;9659
2021-01-21;9669
2021-01-22;9669
2021-01-23;9664
2021-01-24;9664
2021-01-25;9661
2021-01-26;9661
2021-01-27;9664
2021-01-28;9661
2021-01-29;9655
2021-01-30;9654
2021-01-31;9655
2021-02-01;9653
2021-02-02;9643
2021-02-03;9630
2021-02-04;9632
2021-02-05;9635
2021-02-06;9633
2021-02-07;9635
2021-02-08;9635
2021-02-09;9614
2021-02-10;9620
2021-02-11;9620
2021-02-12;9620
2021-02-13;9631
2021-02-14;9640
2021-02-15;9632
2021-02-16;9632
2021-02-17;9640
2021-02-18;9641
2021-02-19;9641
2021-02-20;9614
2021-02-21;9611
2021-02-22;9613
2021-02-23;9613
2021-02-24;9609
2021-02-25;9621
2021-02-26;9621
2021-02-27;9621
2021-02-28;9631
2021-03-01;9620
2021-03-02;9635
2021-03-03;9631
2021-03-04;9637
2021-03-05;9635
2021-03-06;9631
2021-03-07;9631
2021-03-08;9625
2021-03-09;9611
2021-03-10;9619
2021-03-11;9625
2021-03-12;9622
2021-03-13;9612
2021-03-14;9612
2021-03-15;9619
2021-03-16;9613
2021-03-17;9626
2021-03-18;9632
2021-03-19;9621
2021-03-20;9617
2021-03-21;9621
2021-03-22;9603
2021-03-23;9598
2021-03-24;9593
2021-03-25;9596
2021-03-26;9590
2021-03-27;9580
2021-03-28;9576
2021-03-29;9582
2021-03-30;9586
2021-03-31;9583
2021-04-01;9585
2021-04-02;9585
2021-04-03;9586
2021-04-04;9583
2021-04-05;9567
2021-04-06;9567
2021-04-07;9567
2021-04-08;9566
2021-04-09;9560
2021-04-10;9560
2021-04-11;9561
2021-04-12;9556
2021-04-13;9556
2021-04-14;9555
2021-04-15;9549
2021-04-16;9549
2021-04-17;9553
2021-04-18;9555
2021-04-19;9541
2021-04-20;9535
2021-04-21;9540
2021-04-22;9532
2021-04-23;9534
2021-04-24;9554
2021-04-25;9543
2021-04-26;9556
2021-04-27;9550
2021-04-28;9546
2021-04-29;9545
2021-04-30;9558
2021-05-01;9554
2021-05-02;9547
2021-05-03;9553
2021-05-04;9559
2021-05-05;9537
2021-05-06;9532
2021-05-07;9534
2021-05-08;9534
2021-05-09;9534
2021-05-10;9531
2021-05-11;9531
2021-05-12;9539
2021-05-13;9539
2021-05-14;9539
2021-05-15;9539
2021-05-16;9539
2021-05-17;9535
2021-05-18;9535
2021-05-19;9536
2021-05-20;9536
2021-05-21;9537
2021-05-22;9542
2021-05-23;9539
2021-05-24;9519
2021-05-25;9521
2021-05-26;9519
2021-05-27;9519
2021-05-28;9520
2021-05-29;9508
2021-05-30;9515
2021-05-31;9515
2021-06-01;9514
2021-06-02;9516
2021-06-03;9500
2021-06-04;9511
2021-06-05;9496
2021-06-06;9500
2021-06-07;9500
2021-06-08;9502
2021-06-09;9489
2021-06-10;9484
2021-06-11;9484
2021-06-12;9488
2021-06-13;9479
2021-06-14;9480
2021-06-15;9469
2021-06-16;9467
2021-06-17;9467
2021-06-18;9467
2021-06-19;9468
2021-06-20;9467
2021-06-21;9470
2021-06-22;9457
2021-06-23;9461
2021-06-24;9460
2021-06-25;9466
2021-06-26;9457
2021-06-27;9465
2021-06-28;9462
2021-06-29;9428
2021-06-30;9423
2021-07-01;9406
2021-07-02;9399
2021-07-03;9384
2021-07-04;9381
2021-07-05;9350
2021-07-06;9340
2021-07-07;9336
2021-07-08;9330
2021-07-09;9329
2021-07-10;9321
2021-07-11;9325
2021-07-12;9306
2021-07-13;9306
2021-07-14;9299
2021-07-15;9299
2021-07-16;9296
2021-07-17;9296
2021-07-18;9290
2021-07-19;9295
2021-07-20;9295
2021-07-21;9299
2021-07-22;9296
2021-07-23;9291
2021-07-24;9284
2021-07-25;9287
2021-07-26;9270
2021-07-27;9266
2021-07-28;9263
2021-07-29;9255
2021-07-30;9262
2021-07-31;9265
2021-08-01;9267
2021-08-02;9272
2021-08-03;9278
2021-08-04;9277
2021-08-05;9275
2021-08-06;9273
2021-08-07;9273
2021-08-08;9266
2021-08-09;9272
2021-08-10;9271
2021-08-11;9269
2021-08-12;9267
2021-08-13;9239
2021-08-14;9238
2021-08-15;9238
2021-08-16;9248
2021-08-17;9236
2021-08-18;9245
2021-08-19;9242
2021-08-20;9240
2021-08-21;9242
2021-08-22;9245
2021-08-23;9241
2021-08-24;9243
2021-08-25;9240
2021-08-26;9240
2021-08-27;9254
2021-08-28;9247
2021-08-29;9249
2021-08-30;9244
2021-08-31;9235
2021-09-01;9245
2021-09-02;9245
2021-09-03;9240
2021-09-04;9249
2021-09-05;9250
2021-09-06;9242
2021-09-07;9242
2021-09-08;9241
2021-09-09;9241
2021-09-10;9241
2021-09-11;9241
2021-09-12;9241
2021-09-13;9235
2021-09-14;9235
2021-09-15;9236
2021-09-16;9236
2021-09-17;9229
2021-09-18;9236
2021-09-19;9237
2021-09-20;9242
2021-09-21;9240
2021-09-22;9243
2021-09-23;9250
2021-09-24;9245
2021-09-25;9245
2021-09-26;9247
2021-09-27;9248
2021-09-28;9250
2021-09-29;9250
2021-09-30;9251
2021-10-01;9255
2021-10-02;9255
2021-10-03;9255
2021-10-04;9256
2021-10-05;9250
2021-10-06;9261
2021-10-07;9258
2021-10-08;9257
2021-10-09;9253
2021-10-10;9261
2021-10-11;9258
2021-10-12;9259
2021-10-13;9254
2021-10-14;9240
2021-10-15;9243
2021-10-16;9240
2021-10-17;9249
2021-10-18;9249
2021-10-19;9249
2021-10-20;9252
2021-10-21;9255
2021-10-22;9257
2021-10-23;9265
2021-10-24;9266
2021-10-25;9252
2021-10-26;9245
2021-10-27;9252
2021-10-28;9259
2021-10-29;9265
2021-10-30;9271
2021-10-31;9272
2021-11-01;9258
2021-11-02;9267
2021-11-03;9270
2021-11-04;9267
2021-11-05;9266
2021-11-06;9266
2021-11-07;9265
2021-11-08;9272
2021-11-09;9267
2021-11-10;9267
2021-11-11;9269
2021-11-12;9286
2021-11-13;9294
2021-11-14;9278
2021-11-15;9269
2021-11-16;9269
2021-11-17;9283
2021-11-18;9295
2021-11-19;9288
2021-11-20;9289
2021-11-21;9273
2021-11-22;9289
2021-11-23;9285
2021-11-24;9289
2021-11-25;9303
2021-11-26;9290
2021-11-27;9289
2021-11-28;9286
2021-11-29;9296
2021-11-30;9285
2021-12-01;9286
2021-12-02;9286
2021-12-03;9283
2021-12-04;9285
2021-12-05;9285
2021-12-06;9288
2021-12-07;9296
2021-12-08;9295
2021-12-09;9296
2021-12-10;9292
2021-12-11;9292
2021-12-12;9291
2021-12-13;9292
2021-12-14;9292
2021-12-15;9300
2021-12-16;9300
2021-12-17;9316
2021-12-18;9303
2021-12-19;9320
2021-12-20;9333
2021-12-21;9337
2021-12-22;9348
2021-12-23;9360
2021-12-24;9363
2021-12-25;9375
2021-12-26;9361
2021-12-27;9360
2021-12-28;9377
2021-12-29;9380
2021-12-30;9358
2021-12-31;9361
2022-01-01;9367
2022-01-02;9371
2022-01-03;9360
2022-01-04;9382
2022-01-05;9414
2022-01-06;9429
2022-01-07;9439
2022-01-08;9445
2022-01-09;9441
2022-01-10;9427
2022-01-11;9420
2022-01-12;9425
2022-01-13;9448
2022-01-14;9452
2022-01-15;9449
2022-01-16;9448
2022-01-17;9451
2022-01-18;9454
2022-01-19;9480
2022-01-20;9485
2022-01-21;9491
2022-01-22;9491
2022-01-23;9504
2022-01-24;9525
2022-01-25;9504
2022-01-26;9515
2022-01-27;9525
2022-01-28;9523
2022-01-29;9522
2022-01-30;9521
2022-01-31;9518
2022-02-01;9536
2022-02-02;9532
2022-02-03;9538
2022-02-04;9552
2022-02-05;9542
2022-02-06;9541
2022-02-07;9527
2022-02-08;9533
2022-02-09;9525
2022-02-10;9525
2022-02-11;9526
2022-02-12;9520
2022-02-13;9511
2022-02-14;9511
2022-02-15;9511
2022-02-16;9518
2022-02-17;9515
2022-02-18;9524
2022-02-19;9524
2022-02-20;9522
2022-02-21;9527
2022-02-22;9526
2022-02-23;9527
2022-02-24;9527
2022-02-25;9524
2022-02-26;9522
2022-02-27;9513
2022-02-28;9522
2022-03-01;9527
2022-03-02;9522
2022-03-03;9521
2022-03-04;9517
2022-03-05;9513
2022-03-06;9513
2022-03-07;9512
2022-03-08;9511
2022-03-09;9499
2022-03-10;9499
2022-03-11;9491
2022-03-12;9495
2022-03-13;9503
2022-03-14;9493
2022-03-15;9503
2022-03-16;9505
2022-03-17;9512
2022-03-18;9508
2022-03-19;9503
2022-03-20;9502
2022-03-21;9521
2022-03-22;9528
2022-03-23;9529
2022-03-24;9518
2022-03-25;9518
2022-03-26;9519
2022-03-27;9531
2022-03-28;9524
2022-03-29;9530
2022-03-30;9527
2022-03-31;9531
2022-04-01;9531
2022-04-02;9542
2022-04-03;9543
2022-04-04;9543
2022-04-05;9534
2022-04-06;9540
2022-04-07;9553
2022-04-08;9552
2022-04-09;9547
2022-04-10;9539
2022-04-11;9550
2022-04-12;9553
2022-04-13;9541
2022-04-14;9541
2022-04-15;9542
2022-04-16;9542
2022-04-17;9559
2022-04-18;9557
2022-04-19;9548
2022-04-20;9543
2022-04-21;9528
2022-04-22;9523
2022-04-23;9512
2022-04-24;9525
2022-04-25;9536
2022-04-26;9517
2022-04-27;9518
2022-04-28;9514
2022-04-29;9534
2022-04-30;9538
2022-05-01;9533
2022-05-02;9532
2022-05-03;9558
2022-05-04;9537
2022-05-05;9545
2022-05-06;9545
2022-05-07;9542
2022-05-08;9539
2022-05-09;9542
2022-05-10;9534
2022-05-11;9522
2022-05-12;9528
2022-05-13;9549
2022-05-14;9545
2022-05-15;9552
2022-05-16;9559
2022-05-17;9552
2022-05-18;9548
2022-05-19;9530
2022-05-20;9522
2022-05-21;9526
2022-05-22;9526
2022-05-23;9518
2022-05-24;9512
2022-05-25;9502
2022-05-26;9503
2022-05-27;9503
2022-05-28;9498
2022-05-29;9499
2022-05-30;9500
2022-05-31;9500
2022-06-01;9501
2022-06-02;9504
2022-06-03;9509
2022-06-04;9500
2022-06-05;9510
2022-06-06;9486
2022-06-07;9483
2022-06-08;9496
2022-06-09;9495
2022-06-10;9496
2022-06-11;9496
2022-06-12;9500
2022-06-13;9509
2022-06-14;9509
2022-06-15;9506
2022-06-16;9501
2022-06-17;9502
2022-06-18;9502
2022-06-19;9502
2022-06-20;9509
2022-06-21;9502
2022-06-22;9508
2022-06-23;9505
2022-06-24;9508
2022-06-25;9508
2022-06-26;9509
2022-06-27;9505
2022-06-28;9515
2022-06-29;9517
2022-06-30;9531
2022-07-01;9524
2022-07-02;9518
2022-07-03;9519
2022-07-04;9511
2022-07-05;9517
2022-07-06;9516
2022-07-07;9510
2022-07-08;9508
2022-07-09;9515
2022-07-10;9523
2022-07-11;9516
2022-07-12;9512
2022-07-13;9501
2022-07-14;9498
2022-07-15;9499
2022-07-16;9501
2022-07-17;9507
2022-07-18;9500
2022-07-19;9502
2022-07-20;9490
2022-07-21;9502
2022-07-22;9495
2022-07-23;9491
2022-07-24;9491
2022-07-25;9489
2022-07-26;9482
2022-07-27;9473
2022-07-28;9473
2022-07-29;9471
2022-07-30;9470
2022-07-31;9471
2022-08-01;9472
2022-08-02;9467
2022-08-03;9470
2022-08-04;9466
2022-08-05;9477
2022-08-06;9467
2022-08-07;9479
2022-08-08;9489
2022-08-09;9472
2022-08-10;9471
2022-08-11;9477
2022-08-12;9484
2022-08-13;9496
2022-08-14;9494
2022-08-15;9494
2022-08-16;9496
2022-08-17;9491
2022-08-18;9497
2022-08-19;9510
2022-08-20;9534
2022-08-21;9536
2022-08-22;9548
2022-08-23;9551
2022-08-24;9569
2022-08-25;9566
2022-08-26;9574
2022-08-27;9593
2022-08-28;9593
2022-08-29;9604
2022-08-30;9606
2022-08-31;9614
2022-09-01;9615
2022-09-02;9639
2022-09-03;9636
2022-09-04;9651
2022-09-05;9705
2022-09-06;9715
2022-09-07;9737
2022-09-08;9744
2022-09-09;9766
2022-09-10;9767
2022-09-11;9751
2022-09-12;9749
2022-09-13;9754
2022-09-14;9762
2022-09-15;9801
2022-09-16;9822
2022-09-17;9819
2022-09-18;9822
2022-09-19;9841
2022-09-20;9843
2022-09-21;9837
2022-09-22;9845
2022-09-23;9850
2022-09-24;9848
2022-09-25;9846
2022-09-26;9859
2022-09-27;9866
2022-09-28;9878
2022-09-29;9878
2022-09-30;9881
2022-10-01;10006
2022-10-02;9954
2022-10-03;10073
2022-10-04;10077
2022-10-05;10118
2022-10-06;10137
2022-10-07;10006
2022-10-08;9996
2022-10-09;9998
2022-10-10;9985
2022-10-11;9995
2022-10-12;10002
2022-10-13;9953
2022-10-14;9956
2022-10-15;9970
2022-10-16;9981
2022-10-17;9980
2022-10-18;9987
2022-10-19;9978
2022-10-20;9999
2022-10-21;9995
2022-10-22;9999
2022-10-23;10000
2022-10-24;9997
2022-10-25;10003
2022-10-26;10003
2022-10-27;10010
2022-10-28;10021
2022-10-29;10022
2022-10-30;10016
2022-10-31;10017
2022-11-01;10014
2022-11-02;10020
2022-11-03;10025
2022-11-04;10030
2022-11-05;10040
2022-11-06;10038
2022-11-07;10051
2022-11-08;10037
2022-11-09;10035
2022-11-10;10035
2022-11-11;10038
2022-11-12;10033
2022-11-13;10037
2022-11-14;10036
2022-11-15;10059
2022-11-16;10061
2022-11-17;10073
2022-11-18;10083
2022-11-19;10075
2022-11-20;10084
2022-11-21;10086
2022-11-22;10076
2022-11-23;10066
2022-11-24;10065
2022-11-25;10073
2022-11-26;10100
2022-11-27;10109
2022-11-28;10108
2022-11-29;10107
2022-11-30;10089
2022-12-01;10103
2022-12-02;10105
2022-12-03;10113
2022-12-04;10116
2022-12-05;10130
2022-12-06;10145
2022-12-07;10163
2022-12-08;10180
2022-12-09;10182
2022-12-10;10182
2022-12-11;10186
2022-12-12;10204
2022-12-13;10229
2022-12-14;10238
2022-12-15;10236
2022-12-16;10251
2022-12-17;10249
2022-12-18;10245
2022-12-19;10277
2022-12-20;10313
2022-12-21;10298
2022-12-22;10344
2022-12-23;10339
2022-12-24;10332
2022-12-25;10336
2022-12-26;10384
2022-12-27;10386
2022-12-28;10388
2022-12-29;10395
2022-12-30;10420
2022-12-31;10422
2023-01-01;10426
2023-01-02;10423
2023-01-03;10427
2023-01-04;10431
2023-01-05;10466
2023-01-06;10474
2023-01-07;10472
2023-01-08;10481
2023-01-09;10497
2023-01-10;10518
2023-01-11;10519
2023-01-12;10538
2023-01-13;10552
2023-01-14;10566
2023-01-15;10566
2023-01-16;10622
2023-01-17;10668
2023-01-18;10654
2023-01-19;10653
2023-01-20;10650
2023-01-21;10653
2023-01-22;10653
2023-01-23;10653
2023-01-24;10672
2023-01-25;10681
2023-01-26;10736
2023-01-27;10765
2023-01-28;10786
2023-01-29;10792
2023-01-30;10789
2023-01-31;10804
2023-02-01;10825
2023-02-02;10883
2023-02-03;10865
2023-02-04;10878
2023-02-05;10851
2023-02-06;10931
2023-02-07;11015
2023-02-08;10975
2023-02-09;10951
2023-02-10;10885
2023-02-11;10826
2023-02-12;10818
2023-02-13;10820
2023-02-14;10709
2023-02-15;10722
2023-02-16;10730
2023-02-17;10700
2023-02-18;10676
2023-02-19;10696
2023-02-20;10655
2023-02-21;10527
2023-02-22;10448
2023-02-23;10365
2023-02-24;10169
2023-02-25;10114
2023-02-26;10060
2023-02-27;10030
2023-02-28;9960
2023-03-01;9955
2023-03-02;9925
2023-03-03;9892
2023-03-04;9904
2023-03-05;9894
2023-03-06;9891
2023-03-07;9885
2023-03-08;9895
2023-03-09;9924
2023-03-10;9926
2023-03-11;9910
2023-03-12;9891
2023-03-13;9947
2023-03-14;9992
2023-03-15;10112
2023-03-16;10140
2023-03-17;10124
2023-03-18;10131
2023-03-19;10096
2023-03-20;10106
2023-03-21;10108
2023-03-22;10118
2023-03-23;10125
2023-03-24;10128
2023-03-25;10165
2023-03-26;10169
2023-03-27;10183
2023-03-28;10184
2023-03-29;10176
2023-03-30;10163
2023-03-31;10150
2023-04-01;10154
2023-04-02;10176
2023-04-03;10235
2023-04-04;10131
2023-04-05;10290
2023-04-06;10322
2023-04-07;10323
2023-04-08;10303
2023-04-09;10331
2023-04-10;10336
2023-04-11;10343
2023-04-12;10344
2023-04-13;10344
2023-04-14;10347
2023-04-15;10353
2023-04-16;10352
2023-04-17;10385
2023-04-18;10379
2023-04-19;10363
2023-04-20;10363
2023-04-21;10364
2023-04-22;10365
2023-04-23;10366
2023-04-24;10372
2023-04-25;10383
2023-04-26;10379
2023-04-27;10381
2023-04-28;10380
2023-04-29;10381
2023-04-30;10377
2023-05-01;10380
2023-05-02;10399
2023-05-03;10406
2023-05-04;10386
2023-05-05;10394
2023-05-06;10389
2023-05-07;10407
2023-05-08;10402
2023-05-09;10409
2023-05-10;10438
2023-05-11;10446
2023-05-12;10441
2023-05-13;10447
2023-05-14;10450
2023-05-15;10456
2023-05-16;10456
2023-05-17;10447
2023-05-18;10451
2023-05-19;10452
2023-05-20;10445
2023-05-21;10443
2023-05-22;10454
2023-05-23;10458
2023-05-24;10438
2023-05-25;10444
2023-05-26;10437
2023-05-27;10446
2023-05-28;10449
2023-05-29;10479
2023-05-30;10452
2023-05-31;10411
2023-06-01;10403
2023-06-02;10406
2023-06-03;10422
2023-06-04;10417
2023-06-05;10426
2023-06-06;10412
2023-06-07;10419
2023-06-08;10407
2023-06-09;10386
2023-06-10;10374
2023-06-11;10377
2023-06-12;10359
2023-06-13;10356
2023-06-14;10359
2023-06-15;10350
2023-06-16;10353
2023-06-17;10344
2023-06-18;10346
2023-06-19;10346
2023-06-20;10341
2023-06-21;10336
2023-06-22;10330
2023-06-23;10327
2023-06-24;10334
2023-06-25;10339
2023-06-26;10337
2023-06-27;10335
2023-06-28;10337
2023-06-29;10341
2023-06-30;10338
2023-07-01;10337
2023-07-02;10330
2023-07-03;10344
2023-07-04;10347
2023-07-05;10329
2023-07-06;10350
2023-07-07;10332
2023-07-08;10336
2023-07-09;10336
2023-07-10;10331
2023-07-11;10330
2023-07-12;10339
2023-07-13;10336
2023-07-14;10325
2023-07-15;10326
2023-07-16;10328
2023-07-17;10308
2023-07-18;10307
2023-07-19;10305
2023-07-20;10303
2023-07-21;10301
2023-07-22;10305
2023-07-23;10335
2023-07-24;10347
2023-07-25;10338
2023-07-26;10335
2023-07-27;10349
2023-07-28;10342
2023-07-29;10333
2023-07-30;10310
2023-07-31;10318
2023-08-01;10289
2023-08-02;10301
2023-08-03;10320
2023-08-04;10317
2023-08-05;10337
2023-08-06;10334
2023-08-07;10321
2023-08-08;10327
2023-08-09;10317
2023-08-10;10329
2023-08-11;10324
2023-08-12;10311
2023-08-13;10311
2023-08-14;10403
2023-08-15;10388
2023-08-16;10393
2023-08-17;10414
2023-08-18;10418
2023-08-19;10385
2023-08-20;10352
2023-08-21;10384
2023-08-22;10407
2023-08-23;10444
2023-08-24;10498
2023-08-25;10532
2023-08-26;10555
2023-08-27;10596
2023-08-28;10645
2023-08-29;10694
2023-08-30;10729
2023-08-31;10724
2023-09-01;10746
2023-09-02;10828
2023-09-03;10841
2023-09-04;10995
2023-09-05;11121
2023-09-06;11173
2023-09-07;11173
2023-09-08;11208
2023-09-09;11253
2023-09-10;11289
2023-09-11;11397
2023-09-12;11439
2023-09-13;11387
2023-09-14;11369
2023-09-15;11388
2023-09-16;11407
2023-09-17;11414
2023-09-18;11478
2023-09-19;11506
2023-09-20;11535
2023-09-21;11551
2023-09-22;11564
2023-09-23;11576
2023-09-24;11573
2023-09-25;11618
2023-09-26;11627
2023-09-27;11614
2023-09-28;11600
2023-09-29;11640
2023-09-30;11643
2023-10-01;11643
2023-10-02;11633
2023-10-03;11649
2023-10-04;11650
2023-10-05;11657
2023-10-06;11663
2023-10-07;11624
2023-10-08;11637
2023-10-09;11654
2023-10-10;11638
2023-10-11;11632
2023-10-12;11623
2023-10-13;11600
2023-10-14;11589
2023-10-15;11596
2023-10-16;11588
2023-10-17;11517
2023-10-18;11518
2023-10-19;11507
2023-10-20;11509
2023-10-21;11505
2023-10-22;11505
2023-10-23;11509
2023-10-24;11496
2023-10-25;11491
2023-10-26;11455
2023-10-27;11456
2023-10-28;11458
2023-10-29;11458
2023-10-30;11435
2023-10-31;11435
2023-11-01;11427
2023-11-02;11409
2023-11-03;11384
2023-11-04;11385
2023-11-05;11364
2023-11-06;11367
2023-11-07;11348
2023-11-08;11347
2023-11-09;11337
2023-11-10;11334
2023-11-11;11336
2023-11-12;11336
2023-11-13;11334
2023-11-14;11364
2023-11-15;11364
2023-11-16;11366
2023-11-17;11361
2023-11-18;11359
2023-11-19;11372
2023-11-20;11371
2023-11-21;11373
2023-11-22;11372
2023-11-23;11368
2023-11-24;11368
2023-11-25;11366
2023-11-26;11363
2023-11-27;11327
2023-11-28;11322
2023-11-29;11333
2023-11-30;11326
2023-12-01;11327
2023-12-02;11334
2023-12-03;11334
2023-12-04;11334
2023-12-05;11337
2023-12-06;11291
2023-12-07;11290
2023-12-08;11283
2023-12-09;11289
2023-12-10;11291
2023-12-11;11337
2023-12-12;11322
2023-12-13;11335
2023-12-14;11334
2023-12-15;11315
2023-12-16;11315
2023-12-17;11307
2023-12-18;11314
2023-12-19;11348
2023-12-20;11345
2023-12-21;11345
2023-12-22;11345
2023-12-23;11346
2023-12-24;11346
2023-12-25;11348
2023-12-26;11349
2023-12-27;11349
2023-12-28;11348
2023-12-29;11347
2023-12-30;11350
2023-12-31;11355
2024-01-01;11355
2024-01-02;11362
2024-01-03;11368
2024-01-04;11367
2024-01-05;11364
2024-01-06;11360
2024-01-07;11359
2024-01-08;11400
2024-01-09;11418
2024-01-10;11422
2024-01-11;11418
2024-01-12;11420
2024-01-13;11418
2024-01-14;11413
2024-01-15;11398
2024-01-16;11391
2024-01-17;11407
2024-01-18;11396
2024-01-19;11386
2024-01-20;11376
2024-01-21;11377
2024-01-22;11381
2024-01-23;11383
2024-01-24;11386
2024-01-25;11386
2024-01-26;11404
2024-01-27;11410
2024-01-28;11423
2024-01-29;11352
2024-01-30;11369
2024-01-31;11391
2024-02-01;11401
2024-02-02;11435
2024-02-03;11437
2024-02-04;11438
2024-02-05;11450
2024-02-06;11525
2024-02-07;11495
2024-02-08;11507
2024-02-09;11520
2024-02-10;11538
2024-02-11;11564
2024-02-12;11630
2024-02-13;11689
2024-02-14;11696
2024-02-15;11959
2024-02-16;11923
2024-02-17;11958
2024-02-18;11958
2024-02-19;11997
2024-02-20;11985
2024-02-21;11978
2024-02-22;12005
2024-02-23;11910
2024-02-24;11842
2024-02-25;11854
2024-02-26;11958
2024-02-27;11911
2024-02-28;11912
2024-02-29;11988
2024-03-01;11973
2024-03-02;11973
2024-03-03;11926
2024-03-04;11958
2024-03-05;11951
2024-03-06;11957
2024-03-07;12054
2024-03-08;12036
2024-03-09;12034
2024-03-10;12031
2024-03-11;11993
2024-03-12;12012
2024-03-13;11973
2024-03-14;11909
2024-03-15;11897
2024-03-16;11891
2024-03-17;11884
2024-03-18;11963
2024-03-19;11881
2024-03-20;11873
2024-03-21;11945
2024-03-22;11934
2024-03-23;11941
2024-03-24;11923
2024-03-25;11952
2024-03-26;11864
2024-03-27;11871
2024-03-28;11875
2024-03-29;11872
2024-03-30;11891
2024-03-31;11922
2024-04-01;11912
2024-04-02;11849
2024-04-03;11842
2024-04-04;11841
2024-04-05;11822
2024-04-06;11775
2024-04-07;11781
2024-04-08;11763
2024-04-09;11777
2024-04-10;11777
2024-04-11;11767
2024-04-12;11765
2024-04-13;11747
2024-04-14;11741
2024-04-15;11773
2024-04-16;11708
2024-04-17;11698
2024-04-18;11658
2024-04-19;11648
2024-04-20;11635
2024-04-21;11611
2024-04-22;11616
2024-04-23;11606
2024-04-24;11575
2024-04-25;11572
2024-04-26;11582
2024-04-27;11574
2024-04-28;11578
2024-04-29;11552
2024-04-30;11549
2024-05-01;11565
2024-05-02;11612
2024-05-03;11649
2024-05-04;11661
2024-05-05;11657
2024-05-06;11726
2024-05-07;11776
2024-05-08;11850
2024-05-09;11850
2024-05-10;11852
2024-05-11;11850
2024-05-12;11855
2024-05-13;11816
2024-05-14;11836
2024-05-15;11844
2024-05-16;11816
2024-05-17;11803
2024-05-18;11796
2024-05-19;11797
2024-05-20;11788
2024-05-21;11783
2024-05-22;11758
2024-05-23;11779
2024-05-24;11777
2024-05-25;11778
2024-05-26;11783
2024-05-27;11816
2024-05-28;11803
2024-05-29;11757
2024-05-30;11762
2024-05-31;11757
2024-06-01;11765
2024-06-02;11798
2024-06-03;11789
2024-06-04;11816
2024-06-05;11844
2024-06-06;11867
2024-06-07;11867
2024-06-08;11869
2024-06-09;11872
2024-06-10;11892
2024-06-11;11921
2024-06-12;11928
2024-06-13;11915
2024-06-14;11876
2024-06-15;11883
2024-06-16;11874
2024-06-17;11861
2024-06-18;11881
2024-06-19;11892
2024-06-20;11905
2024-06-21;11930
2024-06-22;11933
2024-06-23;11935
2024-06-24;11958
2024-06-25;11969
2024-06-26;11999
2024-06-27;12009
2024-06-28;11983
2024-06-29;11979
2024-06-30;11978
2024-07-01;11982
2024-07-02;11988
2024-07-03;11993
2024-07-04;12004
2024-07-05;12011
2024-07-06;12017
2024-07-07;12008
2024-07-08;12022
2024-07-09;12018
2024-07-10;12036
2024-07-11;12065
2024-07-12;12070
2024-07-13;12070
2024-07-14;12075
2024-07-15;12079
2024-07-16;12086
2024-07-17;12081
2024-07-18;12088
2024-07-19;12103
2024-07-20;12097
2024-07-21;12093
2024-07-22;12098
2024-07-23;12106
2024-07-24;12106
2024-07-25;12110
2024-07-26;12109
2024-07-27;12132
2024-07-28;12142
2024-07-29;12130
2024-07-30;12108
2024-07-31;12111
2024-08-01;12111
2024-08-02;12108
2024-08-03;12111
2024-08-04;12111
2024-08-05;12115
2024-08-06;12116
2024-08-07;12106
2024-08-08;12106
2024-08-09;12113
2024-08-10;12113
2024-08-11;12115
2024-08-12;12111
2024-08-13;12107
2024-08-14;12110
2024-08-15;12110
2024-08-16;12106
2024-08-17;12106
2024-08-18;12090
2024-08-19;12118
2024-08-20;12125
2024-08-21;12122
2024-08-22;12116
2024-08-23;12111
2024-08-24;12105
2024-08-25;12110
2024-08-26;12117
2024-08-27;12125
2024-08-28;12137
2024-08-29;12137
2024-08-30;12137
2024-08-31;12137
2024-09-01;12142
2024-09-02;12137
2024-09-03;12153
2024-09-04;12155
2024-09-05;12155
2024-09-06;12162
2024-09-07;12161
2024-09-08;12161
2024-09-09;12172
2024-09-10;12191
2024-09-11;12211
2024-09-12;12217
2024-09-13;12217
2024-09-14;12210
2024-09-15;12203
2024-09-16;12211
2024-09-17;12213
2024-09-18;12223
2024-09-19;12224
2024-09-20;12220
2024-09-21;12221
2024-09-22;12215
2024-09-23;12213
2024-09-24;12212
2024-09-25;12214
2024-09-26;12231
2024-09-27;12243
2024-09-28;12239
2024-09-29;12235
2024-09-30;12221
2024-10-01;12226
2024-10-02;12225
2024-10-03;12225
2024-10-04;12228
2024-10-05;12228
2024-10-06;12226
2024-10-07;12204
2024-10-08;12210
2024-10-09;12216
2024-10-10;12221
2024-10-11;12221
2024-10-12;12217
2024-10-13;12217
2024-10-14;12228
2024-10-15;12232
2024-10-16;12232
2024-10-17;12217
2024-10-18;12224
2024-10-19;12210
2024-10-20;12206
2024-10-21;12201
2024-10-22;12234
2024-10-23;12226
2024-10-24;12226
2024-10-25;12226
2024-10-26;12216
2024-10-27;12218
2024-10-28;12213
2024-10-29;12221
2024-10-30;12204
2024-10-31;12204
2024-11-01;12208
2024-11-02;12191
2024-11-03;12208
2024-11-04;12239
2024-11-05;12224
2024-11-06;12227
2024-11-07;12227
2024-11-08;12226
2024-11-09;12239
2024-11-10;12242
2024-11-11;12236
2024-11-12;12229
2024-11-13;12231
2024-11-14;12230
2024-11-15;12233
2024-11-16;12233
2024-11-17;12233
2024-11-18;12220
2024-11-19;12240
2024-11-20;12224
2024-11-21;12224
2024-11-22;12227
2024-11-23;12227
2024-11-24;12227
2024-11-25;12234
2024-11-26;12228
2024-11-27;12233
2024-11-28;12240
2024-11-29;12244
2024-11-30;12242
2024-12-01;12242
2024-12-02;12234
2024-12-03;12250
2024-12-04;12265
2024-12-05;12243
2024-12-06;12240
2024-12-07;12244
2024-12-08;12244
2024-12-09;12243
2024-12-10;12248
2024-12-11;12243
2024-12-12;12223
2024-12-13;12221
2024-12-14;12219
2024-12-15;12222
2024-12-16;12221
2024-12-17;12227
2024-12-18;12229
2024-12-19;12231
2024-12-20;12228
2024-12-21;12226
2024-12-22;12235
2024-12-23;12225
2024-12-24;12244
2024-12-25;12240
2024-12-26;12273
2024-12-27;12229
2024-12-28;12229
2024-12-29;12216
2024-12-30;12234
2024-12-31;12227
