Harga;tanggal
26297;01/01/2014
27040;02/01/2014
26958;03/01/2014
27199;04/01/2014
27204;05/01/2014
27384;06/01/2014
27287;07/01/2014
27249;08/01/2014
27686;09/01/2014
27195;10/01/2014
27207;11/01/2014
26973;12/01/2014
25096;13/01/2014
25175;14/01/2014
25605;15/01/2014
25378;16/01/2014
25410;17/01/2014
24489;18/01/2014
24187;19/01/2014
22032;20/01/2014
22010;21/01/2014
22350;22/01/2014
23744;23/01/2014
24360;24/01/2014
24723;25/01/2014
25879;26/01/2014
29732;27/01/2014
32610;28/01/2014
33792;29/01/2014
34233;30/01/2014
34769;31/01/2014
34531;01/02/2014
34755;02/02/2014
35759;03/02/2014
40820;04/02/2014
36315;05/02/2014
36762;06/02/2014
36452;07/02/2014
36549;08/02/2014
36344;09/02/2014
35312;10/02/2014
35283;11/02/2014
34749;12/02/2014
35908;13/02/2014
35789;14/02/2014
35712;15/02/2014
36094;16/02/2014
37420;17/02/2014
37100;18/02/2014
39249;19/02/2014
41482;20/02/2014
47771;21/02/2014
50011;22/02/2014
50880;23/02/2014
53403;24/02/2014
56426;25/02/2014
56291;26/02/2014
56341;27/02/2014
54037;28/02/2014
53308;01/03/2014
53058;02/03/2014
50901;03/03/2014
50598;04/03/2014
50885;05/03/2014
50187;06/03/2014
49286;07/03/2014
48610;08/03/2014
48281;09/03/2014
47662;10/03/2014
47745;11/03/2014
47741;12/03/2014
47081;13/03/2014
47681;14/03/2014
50155;15/03/2014
52522;16/03/2014
59020;17/03/2014
61167;18/03/2014
60666;19/03/2014
62467;20/03/2014
65047;21/03/2014
66183;22/03/2014
66850;23/03/2014
68664;24/03/2014
68789;25/03/2014
68537;26/03/2014
68701;27/03/2014
69469;28/03/2014
69516;29/03/2014
68904;30/03/2014
68462;31/03/2014
65497;01/04/2014
65779;02/04/2014
65824;03/04/2014
65400;04/04/2014
65074;05/04/2014
64981;06/04/2014
63131;07/04/2014
60747;08/04/2014
59521;09/04/2014
57949;10/04/2014
56026;11/04/2014
53653;12/04/2014
50064;13/04/2014
44863;14/04/2014
43345;15/04/2014
42283;16/04/2014
41206;17/04/2014
39862;18/04/2014
39139;19/04/2014
37039;20/04/2014
34926;21/04/2014
31992;22/04/2014
31574;23/04/2014
29316;24/04/2014
27902;25/04/2014
27415;26/04/2014
26710;27/04/2014
22793;28/04/2014
21103;29/04/2014
19539;30/04/2014
19144;01/05/2014
18558;02/05/2014
19046;03/05/2014
17658;04/05/2014
16637;05/05/2014
15977;06/05/2014
15897;07/05/2014
15313;08/05/2014
15975;09/05/2014
15653;10/05/2014
14850;11/05/2014
12953;12/05/2014
12756;13/05/2014
12385;14/05/2014
13358;15/05/2014
12092;16/05/2014
13205;17/05/2014
11740;18/05/2014
11375;19/05/2014
11316;20/05/2014
10809;21/05/2014
10935;22/05/2014
10953;23/05/2014
12154;24/05/2014
12073;25/05/2014
10565;26/05/2014
10609;27/05/2014
10499;28/05/2014
10541;29/05/2014
10400;30/05/2014
11889;31/05/2014
11474;01/06/2014
9794;02/06/2014
9895;03/06/2014
10025;04/06/2014
10535;05/06/2014
10378;06/06/2014
11550;07/06/2014
11561;08/06/2014
10357;09/06/2014
10291;10/06/2014
10386;11/06/2014
10501;12/06/2014
10419;13/06/2014
11646;14/06/2014
11657;15/06/2014
10395;16/06/2014
10201;17/06/2014
10112;18/06/2014
9959;19/06/2014
9871;20/06/2014
11098;21/06/2014
10912;22/06/2014
9713;23/06/2014
9673;24/06/2014
9744;25/06/2014
9678;26/06/2014
9464;27/06/2014
10749;28/06/2014
10770;29/06/2014
9828;30/06/2014
10894;01/07/2014
10784;02/07/2014
10762;03/07/2014
10456;04/07/2014
11683;05/07/2014
10424;06/07/2014
9009;07/07/2014
9092;08/07/2014
10345;09/07/2014
9564;10/07/2014
9256;11/07/2014
10526;12/07/2014
10556;13/07/2014
9264;14/07/2014
9194;15/07/2014
9156;16/07/2014
9360;17/07/2014
9426;18/07/2014
10930;19/07/2014
11415;20/07/2014
11583;21/07/2014
11978;22/07/2014
12107;23/07/2014
12191;24/07/2014
12369;25/07/2014
14032;26/07/2014
13607;27/07/2014
15143;28/07/2014
15331;29/07/2014
14726;30/07/2014
15569;31/07/2014
15271;01/08/2014
15304;02/08/2014
14889;03/08/2014
12172;04/08/2014
12080;05/08/2014
12608;06/08/2014
13343;07/08/2014
13689;08/08/2014
14731;09/08/2014
14737;10/08/2014
13410;11/08/2014
13587;12/08/2014
13858;13/08/2014
14075;14/08/2014
15234;15/08/2014
15393;16/08/2014
15405;17/08/2014
16175;18/08/2014
15406;19/08/2014
15618;20/08/2014
15490;21/08/2014
15708;22/08/2014
16423;23/08/2014
16312;24/08/2014
15006;25/08/2014
14981;26/08/2014
15044;27/08/2014
14897;28/08/2014
15490;29/08/2014
15451;30/08/2014
15191;31/08/2014
13444;01/09/2014
13192;02/09/2014
13136;03/09/2014
12980;04/09/2014
12744;05/09/2014
13930;06/09/2014
13844;07/09/2014
13298;08/09/2014
12195;09/09/2014
12216;10/09/2014
12077;11/09/2014
11954;12/09/2014
12747;13/09/2014
12208;14/09/2014
11064;15/09/2014
10923;16/09/2014
10975;17/09/2014
10611;18/09/2014
11615;19/09/2014
11697;20/09/2014
11629;21/09/2014
10410;22/09/2014
10418;23/09/2014
11600;24/09/2014
11740;25/09/2014
10267;26/09/2014
11558;27/09/2014
11628;28/09/2014
10446;29/09/2014
10467;30/09/2014
10391;01/10/2014
10389;02/10/2014
10457;03/10/2014
11670;04/10/2014
10814;05/10/2014
12007;06/10/2014
10727;07/10/2014
10830;08/10/2014
10904;09/10/2014
10799;10/10/2014
10737;11/10/2014
10563;12/10/2014
10252;13/10/2014
10259;14/10/2014
10364;15/10/2014
10344;16/10/2014
10290;17/10/2014
10308;18/10/2014
10739;19/10/2014
11319;20/10/2014
11492;21/10/2014
14019;22/10/2014
13166;23/10/2014
13406;24/10/2014
13725;25/10/2014
13943;26/10/2014
16120;27/10/2014
17898;28/10/2014
18541;29/10/2014
19850;30/10/2014
20051;31/10/2014
21136;01/11/2014
21753;02/11/2014
25650;03/11/2014
27127;04/11/2014
30493;05/11/2014
32725;06/11/2014
33838;07/11/2014
34834;08/11/2014
35460;09/11/2014
37689;10/11/2014
38888;11/11/2014
39699;12/11/2014
40015;13/11/2014
40363;14/11/2014
41681;15/11/2014
42128;16/11/2014
44572;17/11/2014
47524;18/11/2014
52543;19/11/2014
50485;20/11/2014
50894;21/11/2014
51280;22/11/2014
51676;23/11/2014
52597;24/11/2014
52568;25/11/2014
52350;26/11/2014
53419;27/11/2014
54699;28/11/2014
55824;29/11/2014
57642;30/11/2014
62663;01/12/2014
65485;02/12/2014
68068;03/12/2014
71487;04/12/2014
74159;05/12/2014
74733;06/12/2014
74805;07/12/2014
75530;08/12/2014
74298;09/12/2014
74212;10/12/2014
73116;11/12/2014
71978;12/12/2014
71766;13/12/2014
71890;14/12/2014
71379;15/12/2014
72440;16/12/2014
72071;17/12/2014
72911;18/12/2014
73463;19/12/2014
74292;20/12/2014
74572;21/12/2014
79914;22/12/2014
81099;23/12/2014
80283;24/12/2014
81833;25/12/2014
83879;26/12/2014
82997;27/12/2014
83299;28/12/2014
83342;29/12/2014
82159;30/12/2014
79780;31/12/2014
80331;01/01/2015
80160;02/01/2015
80573;03/01/2015
80132;04/01/2015
77365;05/01/2015
75368;06/01/2015
74964;07/01/2015
73671;08/01/2015
73304;09/01/2015
71742;10/01/2015
69061;11/01/2015
63813;12/01/2015
59174;13/01/2015
57065;14/01/2015
54426;15/01/2015
54233;16/01/2015
52545;17/01/2015
50792;18/01/2015
46930;19/01/2015
43810;20/01/2015
43317;21/01/2015
41918;22/01/2015
40832;23/01/2015
40084;24/01/2015
38848;25/01/2015
33909;26/01/2015
33110;27/01/2015
32869;28/01/2015
32271;29/01/2015
31122;30/01/2015
30874;31/01/2015
29813;01/02/2015
27642;02/02/2015
27657;03/02/2015
27596;04/02/2015
26769;05/02/2015
26485;06/02/2015
26046;07/02/2015
25577;08/02/2015
23773;09/02/2015
22724;10/02/2015
20971;11/02/2015
20401;12/02/2015
19698;13/02/2015
19609;14/02/2015
19153;15/02/2015
17395;16/02/2015
17380;17/02/2015
17002;18/02/2015
16802;19/02/2015
16665;20/02/2015
16578;21/02/2015
16884;22/02/2015
18721;23/02/2015
19033;24/02/2015
18814;25/02/2015
19129;26/02/2015
19898;27/02/2015
21537;28/02/2015
23181;01/03/2015
25147;02/03/2015
25884;03/03/2015
26797;04/03/2015
27123;05/03/2015
27405;06/03/2015
27498;07/03/2015
27630;08/03/2015
28754;09/03/2015
28820;10/03/2015
28921;11/03/2015
28935;12/03/2015
28864;13/03/2015
29197;14/03/2015
29346;15/03/2015
29799;16/03/2015
29684;17/03/2015
29679;18/03/2015
29460;19/03/2015
29027;20/03/2015
29242;21/03/2015
28624;22/03/2015
26627;23/03/2015
26038;24/03/2015
25250;25/03/2015
24918;26/03/2015
24526;27/03/2015
24301;28/03/2015
24328;29/03/2015
23409;30/03/2015
22979;31/03/2015
22778;01/04/2015
22566;02/04/2015
22343;03/04/2015
22113;04/04/2015
21901;05/04/2015
21172;06/04/2015
20771;07/04/2015
20728;08/04/2015
19541;09/04/2015
18649;10/04/2015
18302;11/04/2015
18276;12/04/2015
17646;13/04/2015
17198;14/04/2015
17082;15/04/2015
16675;16/04/2015
16655;17/04/2015
16596;18/04/2015
16667;19/04/2015
16539;20/04/2015
16453;21/04/2015
16442;22/04/2015
16403;23/04/2015
16486;24/04/2015
16886;25/04/2015
17302;26/04/2015
18373;27/04/2015
18143;28/04/2015
18337;29/04/2015
18190;30/04/2015
18372;01/05/2015
18456;02/05/2015
18714;03/05/2015
18971;04/05/2015
19490;05/05/2015
19618;06/05/2015
19825;07/05/2015
19659;08/05/2015
19750;09/05/2015
20077;10/05/2015
19961;11/05/2015
19803;12/05/2015
19280;13/05/2015
19272;14/05/2015
18558;15/05/2015
18405;16/05/2015
18044;17/05/2015
16679;18/05/2015
16795;19/05/2015
16870;20/05/2015
16512;21/05/2015
16515;22/05/2015
16587;23/05/2015
16757;24/05/2015
16744;25/05/2015
16625;26/05/2015
16434;27/05/2015
16459;28/05/2015
16615;29/05/2015
16716;30/05/2015
16610;31/05/2015
16740;01/06/2015
16805;02/06/2015
16678;03/06/2015
16666;04/06/2015
16526;05/06/2015
16746;06/06/2015
16722;07/06/2015
16726;08/06/2015
16859;09/06/2015
16757;10/06/2015
16842;11/06/2015
16594;12/06/2015
16542;13/06/2015
16681;14/06/2015
16807;15/06/2015
16764;16/06/2015
16480;17/06/2015
16553;18/06/2015
16847;19/06/2015
16792;20/06/2015
16759;21/06/2015
16839;22/06/2015
16476;23/06/2015
16002;24/06/2015
15772;25/06/2015
15642;26/06/2015
15716;27/06/2015
15856;28/06/2015
15593;29/06/2015
15718;30/06/2015
16285;01/07/2015
18686;02/07/2015
19526;03/07/2015
19984;04/07/2015
20518;05/07/2015
21526;06/07/2015
23065;07/07/2015
24469;08/07/2015
25841;09/07/2015
27224;10/07/2015
28258;11/07/2015
29380;12/07/2015
33800;13/07/2015
35291;14/07/2015
36822;15/07/2015
37726;16/07/2015
39925;17/07/2015
41532;18/07/2015
43591;19/07/2015
46307;20/07/2015
40042;21/07/2015
37629;22/07/2015
36075;23/07/2015
35745;24/07/2015
38089;25/07/2015
40368;26/07/2015
42217;27/07/2015
43062;28/07/2015
45939;29/07/2015
46742;30/07/2015
46481;31/07/2015
47650;01/08/2015
47982;02/08/2015
49909;03/08/2015
50540;04/08/2015
52700;05/08/2015
54700;06/08/2015
56759;07/08/2015
58227;08/08/2015
58492;09/08/2015
59997;10/08/2015
60078;11/08/2015
59615;12/08/2015
59474;13/08/2015
58832;14/08/2015
57940;15/08/2015
57976;16/08/2015
57535;17/08/2015
57177;18/08/2015
58234;19/08/2015
58345;20/08/2015
58174;21/08/2015
58430;22/08/2015
58479;23/08/2015
59066;24/08/2015
58918;25/08/2015
59379;26/08/2015
59850;27/08/2015
60229;28/08/2015
60467;29/08/2015
60909;30/08/2015
60832;31/08/2015
60642;01/09/2015
61012;02/09/2015
60815;03/09/2015
60350;04/09/2015
60122;05/09/2015
59468;06/09/2015
57891;07/09/2015
56199;08/09/2015
54203;09/09/2015
51450;10/09/2015
50800;11/09/2015
48645;12/09/2015
47225;13/09/2015
42432;14/09/2015
40335;15/09/2015
39007;16/09/2015
37840;17/09/2015
37136;18/09/2015
35802;19/09/2015
35273;20/09/2015
31897;21/09/2015
30545;22/09/2015
30715;23/09/2015
30368;24/09/2015
29855;25/09/2015
29189;26/09/2015
28202;27/09/2015
25443;28/09/2015
23253;29/09/2015
22766;30/09/2015
22045;01/10/2015
19916;02/10/2015
19550;03/10/2015
19240;04/10/2015
17858;05/10/2015
17092;06/10/2015
16733;07/10/2015
16503;08/10/2015
16073;09/10/2015
15850;10/10/2015
15750;11/10/2015
14767;12/10/2015
14662;13/10/2015
14424;14/10/2015
14023;15/10/2015
14000;16/10/2015
13715;17/10/2015
13680;18/10/2015
12889;19/10/2015
12704;20/10/2015
12715;21/10/2015
12565;22/10/2015
12577;23/10/2015
12473;24/10/2015
12451;25/10/2015
12027;26/10/2015
11927;27/10/2015
11881;28/10/2015
12062;29/10/2015
12027;30/10/2015
12089;31/10/2015
11930;01/11/2015
11851;02/11/2015
11782;03/11/2015
11818;04/11/2015
12003;05/11/2015
12125;06/11/2015
12197;07/11/2015
12222;08/11/2015
12325;09/11/2015
12519;10/11/2015
12400;11/11/2015
12502;12/11/2015
12604;13/11/2015
12587;14/11/2015
12585;15/11/2015
12368;16/11/2015
12526;17/11/2015
12687;18/11/2015
12672;19/11/2015
12824;20/11/2015
13190;21/11/2015
13379;22/11/2015
14339;23/11/2015
14992;24/11/2015
15621;25/11/2015
15782;26/11/2015
15834;27/11/2015
16152;28/11/2015
16403;29/11/2015
17510;30/11/2015
18350;01/12/2015
18916;02/12/2015
18733;03/12/2015
18511;04/12/2015
19132;05/12/2015
19229;06/12/2015
19396;07/12/2015
19321;08/12/2015
19207;09/12/2015
19182;10/12/2015
19653;11/12/2015
20115;12/12/2015
20617;13/12/2015
22485;14/12/2015
23890;15/12/2015
25339;16/12/2015
25973;17/12/2015
27011;18/12/2015
27856;19/12/2015
29136;20/12/2015
31365;21/12/2015
31396;22/12/2015
31603;23/12/2015
32167;24/12/2015
32724;25/12/2015
33009;26/12/2015
32835;27/12/2015
31959;28/12/2015
32064;29/12/2015
30992;30/12/2015
30684;31/12/2015
31004;01/01/2016
30577;02/01/2016
30399;03/01/2016
28450;04/01/2016
27789;05/01/2016
27659;06/01/2016
27386;07/01/2016
27806;08/01/2016
27892;09/01/2016
28465;10/01/2016
29252;11/01/2016
30192;12/01/2016
32098;13/01/2016
33393;14/01/2016
33989;15/01/2016
33609;16/01/2016
32756;17/01/2016
32687;18/01/2016
32375;19/01/2016
31575;20/01/2016
30186;21/01/2016
29057;22/01/2016
29008;23/01/2016
28001;24/01/2016
25200;25/01/2016
23790;26/01/2016
22309;27/01/2016
20340;28/01/2016
19900;29/01/2016
20134;30/01/2016
19814;31/01/2016
18079;01/02/2016
17118;02/02/2016
16484;03/02/2016
15904;04/02/2016
15850;05/02/2016
15918;06/02/2016
15961;07/02/2016
15390;08/02/2016
14593;09/02/2016
14773;10/02/2016
13835;11/02/2016
13695;12/02/2016
13861;13/02/2016
13554;14/02/2016
13332;15/02/2016
13211;16/02/2016
13276;17/02/2016
13673;18/02/2016
14112;19/02/2016
14391;20/02/2016
15026;21/02/2016
16031;22/02/2016
16723;23/02/2016
16778;24/02/2016
17838;25/02/2016
19500;26/02/2016
20831;27/02/2016
21113;28/02/2016
21954;29/02/2016
22874;01/03/2016
24655;02/03/2016
27059;03/03/2016
30403;04/03/2016
32805;05/03/2016
35265;06/03/2016
38358;07/03/2016
40755;08/03/2016
42716;09/03/2016
43899;10/03/2016
44669;11/03/2016
45051;12/03/2016
45402;13/03/2016
44044;14/03/2016
44238;15/03/2016
44281;16/03/2016
45491;17/03/2016
45379;18/03/2016
44361;19/03/2016
43389;20/03/2016
40829;21/03/2016
39281;22/03/2016
40443;23/03/2016
40608;24/03/2016
40643;25/03/2016
41600;26/03/2016
40197;27/03/2016
40269;28/03/2016
38989;29/03/2016
35788;30/03/2016
33804;31/03/2016
31631;01/04/2016
30013;02/04/2016
29598;03/04/2016
26975;04/04/2016
25527;05/04/2016
23956;06/04/2016
23584;07/04/2016
22871;08/04/2016
21595;09/04/2016
21497;10/04/2016
20665;11/04/2016
20293;12/04/2016
18717;13/04/2016
18870;14/04/2016
18339;15/04/2016
18548;16/04/2016
18263;17/04/2016
18462;18/04/2016
17959;19/04/2016
18053;20/04/2016
17960;21/04/2016
18649;22/04/2016
18553;23/04/2016
18792;24/04/2016
20109;25/04/2016
18877;26/04/2016
18843;27/04/2016
19144;28/04/2016
18773;29/04/2016
19087;30/04/2016
19177;01/05/2016
18821;02/05/2016
18755;03/05/2016
19047;04/05/2016
19424;05/05/2016
19528;06/05/2016
19519;07/05/2016
19257;08/05/2016
18100;09/05/2016
18325;10/05/2016
17877;11/05/2016
17522;12/05/2016
17647;13/05/2016
17377;14/05/2016
17396;15/05/2016
17317;16/05/2016
17866;17/05/2016
17628;18/05/2016
17608;19/05/2016
17707;20/05/2016
18321;21/05/2016
18560;22/05/2016
18774;23/05/2016
18578;24/05/2016
18660;25/05/2016
17608;26/05/2016
17707;27/05/2016
18321;28/05/2016
18560;29/05/2016
18774;30/05/2016
18578;31/05/2016
18660;01/06/2016
18377;02/06/2016
18156;03/06/2016
18383;04/06/2016
18228;05/06/2016
18092;06/06/2016
17793;07/06/2016
17705;08/06/2016
17901;09/06/2016
17100;10/06/2016
16636;11/06/2016
16157;12/06/2016
15995;13/06/2016
15882;14/06/2016
15370;15/06/2016
14796;16/06/2016
14685;17/06/2016
14618;18/06/2016
14725;19/06/2016
15059;20/06/2016
15019;21/06/2016
15053;22/06/2016
15007;23/06/2016
14877;24/06/2016
15490;25/06/2016
16691;26/06/2016
18306;27/06/2016
19211;28/06/2016
19632;29/06/2016
19949;30/06/2016
22972;01/07/2016
23607;02/07/2016
24390;03/07/2016
26434;04/07/2016
28262;05/07/2016
28879;06/07/2016
29671;07/07/2016
31420;08/07/2016
30496;09/07/2016
29802;10/07/2016
26291;11/07/2016
24349;12/07/2016
22955;13/07/2016
24022;14/07/2016
27080;15/07/2016
28804;16/07/2016
29913;17/07/2016
30468;18/07/2016
32267;19/07/2016
33485;20/07/2016
34799;21/07/2016
36904;22/07/2016
38415;23/07/2016
38493;24/07/2016
37684;25/07/2016
38170;26/07/2016
40075;27/07/2016
40579;28/07/2016
39360;29/07/2016
40029;30/07/2016
39398;31/07/2016
39150;01/08/2016
39598;02/08/2016
39205;03/08/2016
39257;04/08/2016
38088;05/08/2016
37911;06/08/2016
37981;07/08/2016
38231;08/08/2016
38492;09/08/2016
38595;10/08/2016
38324;11/08/2016
37951;12/08/2016
39303;13/08/2016
39193;14/08/2016
39262;15/08/2016
39249;16/08/2016
38899;17/08/2016
38557;18/08/2016
38572;19/08/2016
39538;20/08/2016
39387;21/08/2016
37942;22/08/2016
37873;23/08/2016
36767;24/08/2016
36241;25/08/2016
35577;26/08/2016
36006;27/08/2016
35449;28/08/2016
34709;29/08/2016
34676;30/08/2016
34865;31/08/2016
34431;01/09/2016
34644;02/09/2016
34621;03/09/2016
34949;04/09/2016
34155;05/09/2016
34019;06/09/2016
33615;07/09/2016
32792;08/09/2016
31539;09/09/2016
30758;10/09/2016
30016;11/09/2016
29153;12/09/2016
29208;13/09/2016
28033;14/09/2016
27085;15/09/2016
24419;16/09/2016
23221;17/09/2016
23259;18/09/2016
22190;19/09/2016
22039;20/09/2016
21684;21/09/2016
21748;22/09/2016
21227;23/09/2016
20632;24/09/2016
20813;25/09/2016
20328;26/09/2016
19841;27/09/2016
19945;28/09/2016
20049;29/09/2016
19585;30/09/2016
19435;01/10/2016
19928;02/10/2016
19191;03/10/2016
19170;04/10/2016
18934;05/10/2016
18927;06/10/2016
19050;07/10/2016
19034;08/10/2016
18924;09/10/2016
19944;10/10/2016
20928;11/10/2016
21843;12/10/2016
23322;13/10/2016
25269;14/10/2016
27350;15/10/2016
27581;16/10/2016
29832;17/10/2016
31431;18/10/2016
32216;19/10/2016
32442;20/10/2016
32732;21/10/2016
33527;22/10/2016
33701;23/10/2016
34414;24/10/2016
34615;25/10/2016
34744;26/10/2016
34381;27/10/2016
34866;28/10/2016
35724;29/10/2016
35400;30/10/2016
35341;31/10/2016
35416;01/11/2016
36764;02/11/2016
40066;03/11/2016
43251;04/11/2016
45363;05/11/2016
46791;06/11/2016
49134;07/11/2016
50571;08/11/2016
50423;09/11/2016
50978;10/11/2016
53316;11/11/2016
53140;12/11/2016
53302;13/11/2016
50704;14/11/2016
50631;15/11/2016
50536;16/11/2016
49989;17/11/2016
48278;18/11/2016
48323;19/11/2016
47182;20/11/2016
45252;21/11/2016
43459;22/11/2016
42745;23/11/2016
40556;24/11/2016
36679;25/11/2016
36583;26/11/2016
36864;27/11/2016
34859;28/11/2016
34305;29/11/2016
34576;30/11/2016
34024;01/12/2016
33518;02/12/2016
34765;03/12/2016
35599;04/12/2016
36747;05/12/2016
37857;06/12/2016
38815;07/12/2016
40468;08/12/2016
41836;09/12/2016
45178;10/12/2016
45433;11/12/2016
45253;12/12/2016
47018;13/12/2016
46606;14/12/2016
47008;15/12/2016
47734;16/12/2016
48851;17/12/2016
48892;18/12/2016
50405;19/12/2016
52815;20/12/2016
54306;21/12/2016
57483;22/12/2016
59172;23/12/2016
60534;24/12/2016
60989;25/12/2016
66680;26/12/2016
67337;27/12/2016
65070;28/12/2016
67921;29/12/2016
66687;30/12/2016
67536;31/12/2016
70557;01/01/2017
72915;02/01/2017
72834;03/01/2017
78388;04/01/2017
84166;05/01/2017
86264;06/01/2017
88614;07/01/2017
89783;08/01/2017
88380;09/01/2017
89182;10/01/2017
89566;11/01/2017
89360;12/01/2017
88075;13/01/2017
90251;14/01/2017
90848;15/01/2017
90126;16/01/2017
90360;17/01/2017
90072;18/01/2017
91064;19/01/2017
91017;20/01/2017
93407;21/01/2017
93871;22/01/2017
92506;23/01/2017
93371;24/01/2017
95128;25/01/2017
97787;26/01/2017
99543;27/01/2017
99668;28/01/2017
99752;29/01/2017
101155;30/01/2017
101802;31/01/2017
106523;01/02/2017
107530;02/02/2017
108849;03/02/2017
119296;04/02/2017
124790;05/02/2017
124221;06/02/2017
118390;07/02/2017
121003;08/02/2017
121056;09/02/2017
119664;10/02/2017
121787;11/02/2017
121519;12/02/2017
120150;13/02/2017
122469;14/02/2017
124568;15/02/2017
122501;16/02/2017
123567;17/02/2017
126752;18/02/2017
125592;19/02/2017
128371;20/02/2017
127528;21/02/2017
124891;22/02/2017
124645;23/02/2017
127665;24/02/2017
126715;25/02/2017
129068;26/02/2017
125813;27/02/2017
126359;28/02/2017
127164;01/03/2017
127595;02/03/2017
127467;03/03/2017
128753;04/03/2017
129062;05/03/2017
128037;06/03/2017
127090;07/03/2017
125174;08/03/2017
122201;09/03/2017
119932;10/03/2017
119572;11/03/2017
117808;12/03/2017
113453;13/03/2017
109175;14/03/2017
106720;15/03/2017
104077;16/03/2017
101816;17/03/2017
98354;18/03/2017
95640;19/03/2017
88342;20/03/2017
81499;21/03/2017
78855;22/03/2017
75803;23/03/2017
71635;24/03/2017
71678;25/03/2017
70383;26/03/2017
67048;27/03/2017
65769;28/03/2017
66015;29/03/2017
65633;30/03/2017
65139;31/03/2017
63407;01/04/2017
62369;02/04/2017
58595;03/04/2017
56293;04/04/2017
52882;05/04/2017
51532;06/04/2017
51016;07/04/2017
50604;08/04/2017
49317;09/04/2017
49746;10/04/2017
50100;11/04/2017
51766;12/04/2017
52701;13/04/2017
53786;14/04/2017
52639;15/04/2017
53020;16/04/2017
52428;17/04/2017
52555;18/04/2017
52248;19/04/2017
51485;20/04/2017
51018;21/04/2017
51052;22/04/2017
52045;23/04/2017
51256;24/04/2017
50251;25/04/2017
50328;26/04/2017
50921;27/04/2017
50817;28/04/2017
51494;29/04/2017
51528;30/04/2017
51181;01/05/2017
52111;02/05/2017
53268;03/05/2017
55358;04/05/2017
56478;05/05/2017
55888;06/05/2017
56085;07/05/2017
57669;08/05/2017
57631;09/05/2017
57469;10/05/2017
57465;11/05/2017
57330;12/05/2017
56389;13/05/2017
55754;14/05/2017
54137;15/05/2017
52451;16/05/2017
51123;17/05/2017
50472;18/05/2017
49862;19/05/2017
49923;20/05/2017
49565;21/05/2017
49409;22/05/2017
49009;23/05/2017
49565;24/05/2017
48876;25/05/2017
47182;26/05/2017
46164;27/05/2017
46249;28/05/2017
46787;29/05/2017
46296;30/05/2017
43067;31/05/2017
38114;01/06/2017
35821;02/06/2017
35539;03/06/2017
34964;04/06/2017
32132;05/06/2017
32075;06/06/2017
31519;07/06/2017
31411;08/06/2017
31078;09/06/2017
31210;10/06/2017
31074;11/06/2017
30468;12/06/2017
30179;13/06/2017
30657;14/06/2017
30603;15/06/2017
30464;16/06/2017
30568;17/06/2017
30623;18/06/2017
30932;19/06/2017
33279;20/06/2017
35199;21/06/2017
36578;22/06/2017
36559;23/06/2017
38181;24/06/2017
37095;25/06/2017
37393;26/06/2017
37672;27/06/2017
37436;28/06/2017
35800;29/06/2017
33434;30/06/2017
32563;01/07/2017
32017;02/07/2017
30400;03/07/2017
29825;04/07/2017
29177;05/07/2017
29625;06/07/2017
29786;07/07/2017
30840;08/07/2017
31520;09/07/2017
33087;10/07/2017
33948;11/07/2017
34302;12/07/2017
35916;13/07/2017
37003;14/07/2017
38175;15/07/2017
38178;16/07/2017
38507;17/07/2017
39335;18/07/2017
39468;19/07/2017
39869;20/07/2017
40199;21/07/2017
39808;22/07/2017
39076;23/07/2017
37499;24/07/2017
36510;25/07/2017
35737;26/07/2017
35688;27/07/2017
35624;28/07/2017
35487;29/07/2017
34707;30/07/2017
34266;31/07/2017
33849;01/08/2017
33329;02/08/2017
32700;03/08/2017
31637;04/08/2017
31114;05/08/2017
30709;06/08/2017
29112;07/08/2017
28380;08/08/2017
27103;09/08/2017
25406;10/08/2017
23965;11/08/2017
22780;12/08/2017
22392;13/08/2017
20957;14/08/2017
22750;15/08/2017
20154;16/08/2017
19967;17/08/2017
18903;18/08/2017
18938;19/08/2017
18600;20/08/2017
17680;21/08/2017
17473;22/08/2017
17026;23/08/2017
16977;24/08/2017
16849;25/08/2017
16751;26/08/2017
16876;27/08/2017
16368;28/08/2017
16204;29/08/2017
16203;30/08/2017
16097;31/08/2017
16424;01/09/2017
16399;02/09/2017
16189;03/09/2017
15873;04/09/2017
15189;05/09/2017
14988;06/09/2017
14639;07/09/2017
14626;08/09/2017
14550;09/09/2017
14663;10/09/2017
14609;11/09/2017
14423;12/09/2017
14236;13/09/2017
14003;14/09/2017
13854;15/09/2017
13794;16/09/2017
13830;17/09/2017
13598;18/09/2017
13465;19/09/2017
13270;20/09/2017
13448;21/09/2017
12919;22/09/2017
12806;23/09/2017
12689;24/09/2017
12572;25/09/2017
12378;26/09/2017
12327;27/09/2017
12155;28/09/2017
12124;29/09/2017
12290;30/09/2017
12075;01/10/2017
12078;02/10/2017
12023;03/10/2017
12163;04/10/2017
12424;05/10/2017
12278;06/10/2017
12445;07/10/2017
12500;08/10/2017
12808;09/10/2017
12789;10/10/2017
12827;11/10/2017
12994;12/10/2017
12724;13/10/2017
12710;14/10/2017
12675;15/10/2017
12525;16/10/2017
12633;17/10/2017
12788;18/10/2017
13055;19/10/2017
13072;20/10/2017
13285;21/10/2017
13417;22/10/2017
13661;23/10/2017
15273;24/10/2017
14484;25/10/2017
14622;26/10/2017
14757;27/10/2017
14855;28/10/2017
14872;29/10/2017
14898;30/10/2017
14986;31/10/2017
14974;01/11/2017
15026;02/11/2017
15235;03/11/2017
15449;04/11/2017
15394;05/11/2017
16131;06/11/2017
16801;07/11/2017
17250;08/11/2017
17441;09/11/2017
17755;10/11/2017
18051;11/11/2017
18021;12/11/2017
18264;13/11/2017
18199;14/11/2017
18263;15/11/2017
18293;16/11/2017
18150;17/11/2017
18114;18/11/2017
17580;19/11/2017
16420;20/11/2017
16062;21/11/2017
15817;22/11/2017
15888;23/11/2017
15656;24/11/2017
15686;25/11/2017
15545;26/11/2017
15215;27/11/2017
15280;28/11/2017
15668;29/11/2017
15509;30/11/2017
16199;01/12/2017
15732;02/12/2017
15937;03/12/2017
16139;04/12/2017
16286;05/12/2017
19512;06/12/2017
15979;07/12/2017
15949;08/12/2017
15544;09/12/2017
18932;10/12/2017
15573;11/12/2017
15471;12/12/2017
15942;13/12/2017
16400;14/12/2017
18076;15/12/2017
18906;16/12/2017
20352;17/12/2017
23845;18/12/2017
26453;19/12/2017
27669;20/12/2017
29946;21/12/2017
34108;22/12/2017
36669;23/12/2017
36996;24/12/2017
36816;25/12/2017
38513;26/12/2017
39752;27/12/2017
38946;28/12/2017
37011;29/12/2017
35600;30/12/2017
35717;31/12/2017
38470;01/01/2018
40098;02/01/2018
37951;03/01/2018
37517;04/01/2018
37041;05/01/2018
37001;06/01/2018
36655;07/01/2018
37410;08/01/2018
37655;09/01/2018
37820;10/01/2018
38111;11/01/2018
37929;12/01/2018
37961;13/01/2018
37679;14/01/2018
36367;15/01/2018
35468;16/01/2018
34121;17/01/2018
32764;18/01/2018
32141;19/01/2018
31232;20/01/2018
31146;21/01/2018
30379;22/01/2018
29735;23/01/2018
29334;24/01/2018
29121;25/01/2018
28478;26/01/2018
28313;27/01/2018
28119;28/01/2018
27737;29/01/2018
27346;30/01/2018
27212;31/01/2018
27564;01/02/2018
27436;02/02/2018
28840;03/02/2018
28728;04/02/2018
29574;05/02/2018
30398;06/02/2018
31101;07/02/2018
31972;08/02/2018
32265;09/02/2018
33234;10/02/2018
34268;11/02/2018
35526;12/02/2018
37494;13/02/2018
39205;14/02/2018
39977;15/02/2018
40027;16/02/2018
40240;17/02/2018
40227;18/02/2018
42792;19/02/2018
44119;20/02/2018
45157;21/02/2018
45309;22/02/2018
44657;23/02/2018
45138;24/02/2018
45382;25/02/2018
45809;26/02/2018
46697;27/02/2018
47394;28/02/2018
47286;01/03/2018
48047;02/03/2018
51430;03/03/2018
52265;04/03/2018
54287;05/03/2018
55112;06/03/2018
55030;07/03/2018
55969;08/03/2018
57942;09/03/2018
60096;10/03/2018
59679;11/03/2018
58469;12/03/2018
56558;13/03/2018
54240;14/03/2018
52246;15/03/2018
50512;16/03/2018
49491;17/03/2018
48574;18/03/2018
45718;19/03/2018
44950;20/03/2018
43115;21/03/2018
41526;22/03/2018
40218;23/03/2018
39299;24/03/2018
39010;25/03/2018
37649;26/03/2018
37111;27/03/2018
36366;28/03/2018
35401;29/03/2018
35603;30/03/2018
34945;31/03/2018
34334;01/04/2018
33894;02/04/2018
34033;03/04/2018
34311;04/04/2018
34418;05/04/2018
34758;06/04/2018
34798;07/04/2018
35029;08/04/2018
35015;09/04/2018
35181;10/04/2018
34401;11/04/2018
33912;12/04/2018
33368;13/04/2018
33220;14/04/2018
32881;15/04/2018
30939;16/04/2018
30390;17/04/2018
29921;18/04/2018
29526;19/04/2018
28837;20/04/2018
28296;21/04/2018
27833;22/04/2018
26953;23/04/2018
26728;24/04/2018
26611;25/04/2018
26457;26/04/2018
26167;27/04/2018
25797;28/04/2018
25623;29/04/2018
24627;30/04/2018
24338;01/05/2018
23926;02/05/2018
23796;03/05/2018
23609;04/05/2018
23059;05/05/2018
23362;06/05/2018
22804;07/05/2018
22713;08/05/2018
23143;09/05/2018
23228;10/05/2018
23412;11/05/2018
23205;12/05/2018
23234;13/05/2018
23313;14/05/2018
23589;15/05/2018
23297;16/05/2018
23185;17/05/2018
23498;18/05/2018
24016;19/05/2018
23945;20/05/2018
24338;21/05/2018
23866;22/05/2018
23460;23/05/2018
22614;24/05/2018
22450;25/05/2018
22227;26/05/2018
22189;27/05/2018
21861;28/05/2018
21932;29/05/2018
21671;30/05/2018
21389;31/05/2018
21867;01/06/2018
22254;02/06/2018
22784;03/06/2018
23320;04/06/2018
23522;05/06/2018
24288;06/06/2018
27019;07/06/2018
28646;08/06/2018
29098;09/06/2018
29322;10/06/2018
31094;11/06/2018
34025;12/06/2018
35432;13/06/2018
36374;14/06/2018
36367;15/06/2018
36566;16/06/2018
37664;17/06/2018
37903;18/06/2018
37456;19/06/2018
34143;20/06/2018
31157;21/06/2018
29281;22/06/2018
29643;23/06/2018
30367;24/06/2018
31821;25/06/2018
33217;26/06/2018
33631;27/06/2018
36197;28/06/2018
37951;29/06/2018
40853;30/06/2018
42078;01/07/2018
44844;02/07/2018
45028;03/07/2018
44851;04/07/2018
45795;05/07/2018
47218;06/07/2018
48562;07/07/2018
49031;08/07/2018
49836;09/07/2018
49503;10/07/2018
48405;11/07/2018
48478;12/07/2018
48608;13/07/2018
48820;14/07/2018
48493;15/07/2018
47543;16/07/2018
47610;17/07/2018
48058;18/07/2018
48347;19/07/2018
48992;20/07/2018
49362;21/07/2018
49161;22/07/2018
48120;23/07/2018
48024;24/07/2018
47844;25/07/2018
47186;26/07/2018
45863;27/07/2018
44216;28/07/2018
42961;29/07/2018
38722;30/07/2018
37280;31/07/2018
36136;01/08/2018
35247;02/08/2018
34546;03/08/2018
33691;04/08/2018
33264;05/08/2018
32725;06/08/2018
32547;07/08/2018
32190;08/08/2018
32084;09/08/2018
31636;10/08/2018
31374;11/08/2018
30763;12/08/2018
29642;13/08/2018
28921;14/08/2018
28735;15/08/2018
27673;16/08/2018
26769;17/08/2018
26268;18/08/2018
25959;19/08/2018
24208;20/08/2018
23706;21/08/2018
23638;22/08/2018
23264;23/08/2018
23094;24/08/2018
22859;25/08/2018
22351;26/08/2018
20441;27/08/2018
19185;28/08/2018
18545;29/08/2018
18167;30/08/2018
18047;31/08/2018
17791;01/09/2018
17585;02/09/2018
16841;03/09/2018
16549;04/09/2018
16369;05/09/2018
16064;06/09/2018
16189;07/09/2018
16022;08/09/2018
15919;09/09/2018
15742;10/09/2018
15780;11/09/2018
15984;12/09/2018
16043;13/09/2018
15984;14/09/2018
16124;15/09/2018
16170;16/09/2018
15977;17/09/2018
15927;18/09/2018
15867;19/09/2018
15785;20/09/2018
15775;21/09/2018
15714;22/09/2018
15722;23/09/2018
15755;24/09/2018
15789;25/09/2018
15942;26/09/2018
16171;27/09/2018
16324;28/09/2018
16515;29/09/2018
16613;30/09/2018
17494;01/10/2018
18424;02/10/2018
19115;03/10/2018
19878;04/10/2018
19947;05/10/2018
20140;06/10/2018
20319;07/10/2018
20529;08/10/2018
20467;09/10/2018
20428;10/10/2018
20188;11/10/2018
20508;12/10/2018
20710;13/10/2018
20758;14/10/2018
21813;15/10/2018
22204;16/10/2018
22585;17/10/2018
22600;18/10/2018
22636;19/10/2018
22716;20/10/2018
22596;21/10/2018
22418;22/10/2018
22579;23/10/2018
22328;24/10/2018
22106;25/10/2018
22098;26/10/2018
22022;27/10/2018
21925;28/10/2018
21582;29/10/2018
21554;30/10/2018
21470;31/10/2018
21443;01/11/2018
21271;02/11/2018
21359;03/11/2018
21631;04/11/2018
22139;05/11/2018
22351;06/11/2018
22464;07/11/2018
22795;08/11/2018
22816;09/11/2018
22564;10/11/2018
22544;11/11/2018
22307;12/11/2018
22017;13/11/2018
21464;14/11/2018
20998;15/11/2018
20496;16/11/2018
20236;17/11/2018
20215;18/11/2018
19738;19/11/2018
19651;20/11/2018
19624;21/11/2018
19567;22/11/2018
19452;23/11/2018
19283;24/11/2018
19240;25/11/2018
18536;26/11/2018
18110;27/11/2018
18003;28/11/2018
18079;29/11/2018
17944;30/11/2018
18037;01/12/2018
18052;02/12/2018
18138;03/12/2018
18163;04/12/2018
18420;05/12/2018
18953;06/12/2018
19588;07/12/2018
20025;08/12/2018
20263;09/12/2018
20926;10/12/2018
21410;11/12/2018
21372;12/12/2018
21582;13/12/2018
21553;14/12/2018
21596;15/12/2018
21680;16/12/2018
21902;17/12/2018
23651;18/12/2018
26115;19/12/2018
27800;20/12/2018
29383;21/12/2018
34904;22/12/2018
33534;23/12/2018
35131;24/12/2018
35535;25/12/2018
36199;26/12/2018
37256;27/12/2018
37692;28/12/2018
37672;29/12/2018
36875;30/12/2018
33776;31/12/2018
34083;01/01/2019
35283;02/01/2019
34844;03/01/2019
33966;04/01/2019
32893;05/01/2019
31768;06/01/2019
29494;07/01/2019
29098;08/01/2019
29228;09/01/2019
28650;10/01/2019
27899;11/01/2019
27419;12/01/2019
26971;13/01/2019
26251;14/01/2019
26348;15/01/2019
25732;16/01/2019
24846;17/01/2019
24149;18/01/2019
23840;19/01/2019
23141;20/01/2019
21633;21/01/2019
21430;22/01/2019
21182;23/01/2019
20083;24/01/2019
19468;25/01/2019
19191;26/01/2019
18963;27/01/2019
17696;28/01/2019
17488;29/01/2019
17049;30/01/2019
16456;31/01/2019
16409;01/02/2019
16215;02/02/2019
15928;03/02/2019
15110;04/02/2019
14740;05/02/2019
14470;06/02/2019
14151;07/02/2019
13867;08/02/2019
13878;09/02/2019
13749;10/02/2019
13380;11/02/2019
13453;12/02/2019
13403;13/02/2019
13383;14/02/2019
13370;15/02/2019
13363;16/02/2019
13732;17/02/2019
15278;18/02/2019
15699;19/02/2019
15585;20/02/2019
15618;21/02/2019
15417;22/02/2019
15344;23/02/2019
15366;24/02/2019
15904;25/02/2019
16152;26/02/2019
16106;27/02/2019
16388;28/02/2019
16890;01/03/2019
17289;02/03/2019
17838;03/03/2019
18396;04/03/2019
19107;05/03/2019
19195;06/03/2019
19287;07/03/2019
19601;08/03/2019
19916;09/03/2019
20005;10/03/2019
19937;11/03/2019
19721;12/03/2019
19397;13/03/2019
19033;14/03/2019
18903;15/03/2019
18679;16/03/2019
18529;17/03/2019
17432;18/03/2019
16947;19/03/2019
16847;20/03/2019
17313;21/03/2019
17604;22/03/2019
17880;23/03/2019
17846;24/03/2019
17456;25/03/2019
17099;26/03/2019
17288;27/03/2019
17380;28/03/2019
17309;29/03/2019
17159;30/03/2019
17009;31/03/2019
16442;01/04/2019
16373;02/04/2019
16114;03/04/2019
15786;04/04/2019
15514;05/04/2019
15173;06/04/2019
15145;07/04/2019
14948;08/04/2019
15161;09/04/2019
15141;10/04/2019
14834;11/04/2019
14665;12/04/2019
14648;13/04/2019
14609;14/04/2019
14986;15/04/2019
15202;16/04/2019
15516;17/04/2019
18604;18/04/2019
20263;19/04/2019
21561;20/04/2019
20899;21/04/2019
20252;22/04/2019
20294;23/04/2019
20497;24/04/2019
20625;25/04/2019
20589;26/04/2019
20747;27/04/2019
20742;28/04/2019
20324;29/04/2019
20168;30/04/2019
20470;01/05/2019
20957;02/05/2019
20982;03/05/2019
21341;04/05/2019
21566;05/05/2019
21701;06/05/2019
22231;07/05/2019
22980;08/05/2019
22695;09/05/2019
21445;10/05/2019
20448;11/05/2019
19009;12/05/2019
17638;13/05/2019
17066;14/05/2019
16485;15/05/2019
15639;16/05/2019
15113;17/05/2019
14466;18/05/2019
13942;19/05/2019
13670;20/05/2019
13032;21/05/2019
12887;22/05/2019
12908;23/05/2019
12602;24/05/2019
12644;25/05/2019
12727;26/05/2019
13023;27/05/2019
13097;28/05/2019
13330;29/05/2019
13334;30/05/2019
13796;31/05/2019
14012;01/06/2019
14300;02/06/2019
14777;03/06/2019
15566;04/06/2019
15874;05/06/2019
15836;06/06/2019
16135;07/06/2019
16944;08/06/2019
16620;09/06/2019
15482;10/06/2019
14759;11/06/2019
14013;12/06/2019
14176;13/06/2019
14153;14/06/2019
14072;15/06/2019
13917;16/06/2019
13847;17/06/2019
14251;18/06/2019
14804;19/06/2019
16453;20/06/2019
17683;21/06/2019
18167;22/06/2019
18774;23/06/2019
20798;24/06/2019
21346;25/06/2019
21590;26/06/2019
22665;27/06/2019
24291;28/06/2019
26131;29/06/2019
27194;30/06/2019
29847;01/07/2019
31585;02/07/2019
36754;03/07/2019
42243;04/07/2019
43938;05/07/2019
43963;06/07/2019
44081;07/07/2019
45780;08/07/2019
47656;09/07/2019
51117;10/07/2019
52637;11/07/2019
53314;12/07/2019
53522;13/07/2019
55404;14/07/2019
60502;15/07/2019
63182;16/07/2019
65099;17/07/2019
65659;18/07/2019
65358;19/07/2019
65423;20/07/2019
65616;21/07/2019
66792;22/07/2019
67236;23/07/2019
67569;24/07/2019
69189;25/07/2019
70573;26/07/2019
72254;27/07/2019
72646;28/07/2019
74215;29/07/2019
75325;30/07/2019
75265;31/07/2019
74825;01/08/2019
74910;02/08/2019
75044;03/08/2019
75685;04/08/2019
77004;05/08/2019
77694;06/08/2019
77936;07/08/2019
78783;08/08/2019
79315;09/08/2019
79632;10/08/2019
79646;11/08/2019
81069;12/08/2019
80879;13/08/2019
80943;14/08/2019
80511;15/08/2019
79552;16/08/2019
78615;17/08/2019
77739;18/08/2019
74998;19/08/2019
74455;20/08/2019
74362;21/08/2019
74258;22/08/2019
73601;23/08/2019
72709;24/08/2019
72214;25/08/2019
67013;26/08/2019
62777;27/08/2019
60951;28/08/2019
56742;29/08/2019
54317;30/08/2019
54144;31/08/2019
54244;01/09/2019
55826;02/09/2019
57703;03/09/2019
59387;04/09/2019
61964;05/09/2019
62282;06/09/2019
62232;07/09/2019
61848;08/09/2019
59178;09/09/2019
57993;10/09/2019
56787;11/09/2019
55647;12/09/2019
55237;13/09/2019
54188;14/09/2019
53134;15/09/2019
48624;16/09/2019
46792;17/09/2019
45617;18/09/2019
44956;19/09/2019
44441;20/09/2019
44053;21/09/2019
43389;22/09/2019
41683;23/09/2019
41279;24/09/2019
40275;25/09/2019
40280;26/09/2019
40126;27/09/2019
39839;28/09/2019
39901;29/09/2019
39683;30/09/2019
40284;01/10/2019
41811;02/10/2019
42609;03/10/2019
42843;04/10/2019
43051;05/10/2019
43449;06/10/2019
43644;07/10/2019
43359;08/10/2019
43324;09/10/2019
42937;10/10/2019
42470;11/10/2019
41571;12/10/2019
40823;13/10/2019
38380;14/10/2019
37284;15/10/2019
36818;16/10/2019
36772;17/10/2019
36181;18/10/2019
35835;19/10/2019
35483;20/10/2019
34754;21/10/2019
34788;22/10/2019
34769;23/10/2019
35083;24/10/2019
34807;25/10/2019
34927;26/10/2019
35034;27/10/2019
35304;28/10/2019
35294;29/10/2019
35246;30/10/2019
34932;31/10/2019
34796;01/11/2019
34644;02/11/2019
34465;03/11/2019
34150;04/11/2019
34096;05/11/2019
34225;06/11/2019
34408;07/11/2019
34434;08/11/2019
34462;09/11/2019
34433;10/11/2019
34901;11/11/2019
34962;12/11/2019
34921;13/11/2019
33932;14/11/2019
33053;15/11/2019
32499;16/11/2019
31803;17/11/2019
29534;18/11/2019
28567;19/11/2019
27639;20/11/2019
26388;21/11/2019
26191;22/11/2019
26070;23/11/2019
25983;24/11/2019
25307;25/11/2019
24859;26/11/2019
24388;27/11/2019
25011;28/11/2019
25257;29/11/2019
25505;30/11/2019
25628;01/12/2019
25857;02/12/2019
25941;03/12/2019
26175;04/12/2019
26639;05/12/2019
27186;06/12/2019
28258;07/12/2019
28618;08/12/2019
29374;09/12/2019
29772;10/12/2019
30021;11/12/2019
30173;12/12/2019
30394;13/12/2019
30628;14/12/2019
30676;15/12/2019
31530;16/12/2019
32401;17/12/2019
33151;18/12/2019
33828;19/12/2019
33837;20/12/2019
33895;21/12/2019
33842;22/12/2019
33971;23/12/2019
33887;24/12/2019
33589;25/12/2019
33103;26/12/2019
32699;27/12/2019
32675;28/12/2019
33070;29/12/2019
34328;30/12/2019
34510;31/12/2019
34741;01/01/2020
36121;02/01/2020
36622;03/01/2020
37905;04/01/2020
40376;05/01/2020
45729;06/01/2020
46084;07/01/2020
47996;08/01/2020
51014;09/01/2020
52891;10/01/2020
54198;11/01/2020
54814;12/01/2020
56346;13/01/2020
57900;14/01/2020
60612;15/01/2020
63452;16/01/2020
64003;17/01/2020
65039;18/01/2020
65828;19/01/2020
68613;20/01/2020
69979;21/01/2020
73453;22/01/2020
75527;23/01/2020
76745;24/01/2020
74721;25/01/2020
72975;26/01/2020
72232;27/01/2020
75132;28/01/2020
76313;29/01/2020
75824;30/01/2020
72741;31/01/2020
71395;01/02/2020
71199;02/02/2020
70780;03/02/2020
69860;04/02/2020
67710;05/02/2020
64053;06/02/2020
61267;07/02/2020
60822;08/02/2020
60428;09/02/2020
56800;10/02/2020
54414;11/02/2020
52487;12/02/2020
49098;13/02/2020
46154;14/02/2020
44336;15/02/2020
43219;16/02/2020
40692;17/02/2020
38993;18/02/2020
37049;19/02/2020
34418;20/02/2020
32251;21/02/2020
31388;22/02/2020
30537;23/02/2020
26752;24/02/2020
25805;25/02/2020
24970;26/02/2020
24553;27/02/2020
24504;28/02/2020
24352;29/02/2020
24240;01/03/2020
24041;02/03/2020
24221;03/03/2020
24776;04/03/2020
24908;05/03/2020
25163;06/03/2020
25753;07/03/2020
26310;08/03/2020
27791;09/03/2020
28393;10/03/2020
29080;11/03/2020
30224;12/03/2020
31057;13/03/2020
32035;14/03/2020
33214;15/03/2020
38228;16/03/2020
40614;17/03/2020
41831;18/03/2020
42732;19/03/2020
42641;20/03/2020
42355;21/03/2020
42280;22/03/2020
42637;23/03/2020
43460;24/03/2020
43788;25/03/2020
42427;26/03/2020
41254;27/03/2020
42196;28/03/2020
42387;29/03/2020
42312;30/03/2020
43035;31/03/2020
43142;01/04/2020
43573;02/04/2020
46064;03/04/2020
50301;04/04/2020
49674;05/04/2020
47729;06/04/2020
46932;07/04/2020
45467;08/04/2020
41553;09/04/2020
40417;10/04/2020
38596;11/04/2020
36299;12/04/2020
32991;13/04/2020
31535;14/04/2020
30198;15/04/2020
27999;16/04/2020
27400;17/04/2020
26687;18/04/2020
26011;19/04/2020
24564;20/04/2020
24435;21/04/2020
24220;22/04/2020
23244;23/04/2020
22636;24/04/2020
23023;25/04/2020
22894;26/04/2020
21803;27/04/2020
20963;28/04/2020
18900;29/04/2020
17778;30/04/2020
18503;01/05/2020
18320;02/05/2020
18114;03/05/2020
16892;04/05/2020
16953;05/05/2020
16996;06/05/2020
16908;07/05/2020
16528;08/05/2020
16580;09/05/2020
16476;10/05/2020
16661;11/05/2020
16549;12/05/2020
16496;13/05/2020
16258;14/05/2020
16244;15/05/2020
16230;16/05/2020
16376;17/05/2020
16804;18/05/2020
17376;19/05/2020
18433;20/05/2020
18528;21/05/2020
18696;22/05/2020
19259;23/05/2020
19057;24/05/2020
19694;25/05/2020
21957;26/05/2020
21007;27/05/2020
19078;28/05/2020
18132;29/05/2020
17441;30/05/2020
17324;31/05/2020
16625;01/06/2020
16056;02/06/2020
15654;03/06/2020
15507;04/06/2020
15402;05/06/2020
15284;06/06/2020
15188;07/06/2020
14887;08/06/2020
14728;09/06/2020
14607;10/06/2020
14594;11/06/2020
14498;12/06/2020
14488;13/06/2020
14483;14/06/2020
14590;15/06/2020
14574;16/06/2020
14738;17/06/2020
14470;18/06/2020
14463;19/06/2020
14391;20/06/2020
14348;21/06/2020
14333;22/06/2020
14465;23/06/2020
14398;24/06/2020
14253;25/06/2020
14401;26/06/2020
14537;27/06/2020
14761;28/06/2020
15179;29/06/2020
15458;30/06/2020
16296;01/07/2020
16580;02/07/2020
17264;03/07/2020
17259;04/07/2020
17360;05/07/2020
17722;06/07/2020
18169;07/07/2020
18223;08/07/2020
18803;09/07/2020
19080;10/07/2020
19063;11/07/2020
19328;12/07/2020
20919;13/07/2020
21123;14/07/2020
21390;15/07/2020
21670;16/07/2020
21551;17/07/2020
21595;18/07/2020
21532;19/07/2020
21055;20/07/2020
20649;21/07/2020
20248;22/07/2020
19695;23/07/2020
19317;24/07/2020
18915;25/07/2020
18687;26/07/2020
18136;27/07/2020
18274;28/07/2020
18181;29/07/2020
18409;30/07/2020
18391;31/07/2020
18792;01/08/2020
19559;02/08/2020
21230;03/08/2020
20669;04/08/2020
20303;05/08/2020
19906;06/08/2020
19357;07/08/2020
19310;08/08/2020
19233;09/08/2020
18631;10/08/2020
18401;11/08/2020
17796;12/08/2020
17428;13/08/2020
17363;14/08/2020
17126;15/08/2020
17075;16/08/2020
16896;17/08/2020
16439;18/08/2020
16043;19/08/2020
16011;20/08/2020
15910;21/08/2020
15860;22/08/2020
15790;23/08/2020
15367;24/08/2020
15266;25/08/2020
15223;26/08/2020
15165;27/08/2020
14989;28/08/2020
14939;29/08/2020
14903;30/08/2020
14988;31/08/2020
15003;01/09/2020
15280;02/09/2020
15377;03/09/2020
15508;04/09/2020
15575;05/09/2020
15708;06/09/2020
16031;07/09/2020
15979;08/09/2020
15844;09/09/2020
15859;10/09/2020
15671;11/09/2020
15588;12/09/2020
15545;13/09/2020
14737;14/09/2020
14548;15/09/2020
14613;16/09/2020
14432;17/09/2020
14400;18/09/2020
14416;19/09/2020
14402;20/09/2020
14445;21/09/2020
14608;22/09/2020
14717;23/09/2020
14863;24/09/2020
14939;25/09/2020
15006;26/09/2020
14962;27/09/2020
15071;28/09/2020
15626;29/09/2020
16560;30/09/2020
16717;01/10/2020
16789;02/10/2020
16939;03/10/2020
16748;04/10/2020
16813;05/10/2020
16732;06/10/2020
16339;07/10/2020
15615;08/10/2020
15210;09/10/2020
15200;10/10/2020
15154;11/10/2020
15043;12/10/2020
14736;13/10/2020
14605;14/10/2020
14609;15/10/2020
14672;16/10/2020
14724;17/10/2020
15053;18/10/2020
15465;19/10/2020
15557;20/10/2020
15617;21/10/2020
15784;22/10/2020
15896;23/10/2020
16053;24/10/2020
16133;25/10/2020
16560;26/10/2020
16986;27/10/2020
17267;28/10/2020
17439;29/10/2020
17578;30/10/2020
17918;31/10/2020
18186;01/11/2020
19217;02/11/2020
19749;03/11/2020
20006;04/11/2020
20494;05/11/2020
20978;06/11/2020
21517;07/11/2020
21874;08/11/2020
23303;09/11/2020
24111;10/11/2020
24187;11/11/2020
24409;12/11/2020
24050;13/11/2020
24207;14/11/2020
24165;15/11/2020
24701;16/11/2020
24758;17/11/2020
24757;18/11/2020
24649;19/11/2020
24740;20/11/2020
25058;21/11/2020
25498;22/11/2020
28186;23/11/2020
29206;24/11/2020
29514;25/11/2020
31240;26/11/2020
33066;27/11/2020
35731;28/11/2020
36642;29/11/2020
37871;30/11/2020
38385;01/12/2020
39062;02/12/2020
39576;03/12/2020
40670;04/12/2020
41394;05/12/2020
41481;06/12/2020
41801;07/12/2020
41188;08/12/2020
41127;09/12/2020
41094;10/12/2020
40979;11/12/2020
41168;12/12/2020
41757;13/12/2020
40870;14/12/2020
40346;15/12/2020
40111;16/12/2020
40508;17/12/2020
40777;18/12/2020
41426;19/12/2020
41303;20/12/2020
42599;21/12/2020
42617;22/12/2020
43584;23/12/2020
44246;24/12/2020
44332;25/12/2020
43774;26/12/2020
44217;27/12/2020
49217;28/12/2020
51261;29/12/2020
51010;30/12/2020
50652;31/12/2020
52207;01/01/2021
58282;02/01/2021
60026;03/01/2021
69329;04/01/2021
72317;05/01/2021
71847;06/01/2021
69259;07/01/2021
70401;08/01/2021
73591;09/01/2021
75015;10/01/2021
72434;11/01/2021
70306;12/01/2021
69004;13/01/2021
69146;14/01/2021
68932;15/01/2021
67398;16/01/2021
65747;17/01/2021
62628;18/01/2021
62424;19/01/2021
62757;20/01/2021
63491;21/01/2021
64646;22/01/2021
64439;23/01/2021
64251;24/01/2021
65094;25/01/2021
65527;26/01/2021
65408;27/01/2021
64512;28/01/2021
64047;29/01/2021
63361;30/01/2021
62743;31/01/2021
62028;01/02/2021
61639;02/02/2021
61921;03/02/2021
61839;04/02/2021
61419;05/02/2021
59980;06/02/2021
59503;07/02/2021
61335;08/02/2021
62218;09/02/2021
61020;10/02/2021
62161;11/02/2021
63058;12/02/2021
66614;13/02/2021
74516;14/02/2021
80848;15/02/2021
79642;16/02/2021
81946;17/02/2021
84846;18/02/2021
85389;19/02/2021
87383;20/02/2021
88199;21/02/2021
87559;22/02/2021
88566;23/02/2021
89659;24/02/2021
89664;25/02/2021
89363;26/02/2021
89249;27/02/2021
89293;28/02/2021
93565;01/03/2021
99640;02/03/2021
101042;03/03/2021
101524;04/03/2021
103652;05/03/2021
105778;06/03/2021
105765;07/03/2021
105409;08/03/2021
104950;09/03/2021
105028;10/03/2021
106176;11/03/2021
107357;12/03/2021
108873;13/03/2021
109460;14/03/2021
112521;15/03/2021
113614;16/03/2021
115071;17/03/2021
114781;18/03/2021
114149;19/03/2021
113298;20/03/2021
112623;21/03/2021
110044;22/03/2021
108922;23/03/2021
105410;24/03/2021
101015;25/03/2021
97482;26/03/2021
96720;27/03/2021
94416;28/03/2021
85715;29/03/2021
79843;30/03/2021
71985;31/03/2021
62774;01/04/2021
62025;02/04/2021
63270;03/04/2021
64969;04/04/2021
66097;05/04/2021
67398;06/04/2021
67505;07/04/2021
67060;08/04/2021
66997;09/04/2021
66241;10/04/2021
65050;11/04/2021
61428;12/04/2021
59768;13/04/2021
61228;14/04/2021
62198;15/04/2021
60921;16/04/2021
58255;17/04/2021
54119;18/04/2021
42917;19/04/2021
45181;20/04/2021
46303;21/04/2021
43194;22/04/2021
41594;23/04/2021
41412;24/04/2021
41480;25/04/2021
42305;26/04/2021
43752;27/04/2021
45331;28/04/2021
45398;29/04/2021
45719;30/04/2021
45721;01/05/2021
45641;02/05/2021
46448;03/05/2021
46961;04/05/2021
47059;05/05/2021
46681;06/05/2021
46643;07/05/2021
46792;08/05/2021
48121;09/05/2021
51679;10/05/2021
51882;11/05/2021
52991;12/05/2021
53229;13/05/2021
53017;14/05/2021
53707;15/05/2021
52226;16/05/2021
44146;17/05/2021
39987;18/05/2021
37927;19/05/2021
38558;20/05/2021
38615;21/05/2021
38122;22/05/2021
37193;23/05/2021
33859;24/05/2021
33852;25/05/2021
33971;26/05/2021
32372;27/05/2021
31964;28/05/2021
31827;29/05/2021
31594;30/05/2021
31496;31/05/2021
31125;01/06/2021
30766;02/06/2021
30345;03/06/2021
30420;04/06/2021
30107;05/06/2021
30164;06/06/2021
29648;07/06/2021
29407;08/06/2021
29149;09/06/2021
28798;10/06/2021
28199;11/06/2021
28035;12/06/2021
27930;13/06/2021
27771;14/06/2021
27552;15/06/2021
27387;16/06/2021
27832;17/06/2021
28844;18/06/2021
30391;19/06/2021
32005;20/06/2021
37973;21/06/2021
36731;22/06/2021
37283;23/06/2021
38779;24/06/2021
42696;25/06/2021
44347;26/06/2021
45061;27/06/2021
50201;28/06/2021
45426;29/06/2021
45996;30/06/2021
46417;01/07/2021
47128;02/07/2021
47238;03/07/2021
47094;04/07/2021
46925;05/07/2021
48819;06/07/2021
52442;07/07/2021
53759;08/07/2021
54045;09/07/2021
54257;10/07/2021
54797;11/07/2021
56518;12/07/2021
58349;13/07/2021
58296;14/07/2021
58429;15/07/2021
57228;16/07/2021
57163;17/07/2021
56888;18/07/2021
56373;19/07/2021
56208;20/07/2021
56771;21/07/2021
57232;22/07/2021
56396;23/07/2021
54678;24/07/2021
52600;25/07/2021
48628;26/07/2021
48096;27/07/2021
47350;28/07/2021
44371;29/07/2021
42542;30/07/2021
41631;31/07/2021
40329;01/08/2021
37828;02/08/2021
36360;03/08/2021
34757;04/08/2021
33745;05/08/2021
32510;06/08/2021
31270;07/08/2021
29753;08/08/2021
27018;09/08/2021
26150;10/08/2021
24559;11/08/2021
23406;12/08/2021
21667;13/08/2021
21275;14/08/2021
20798;15/08/2021
19883;16/08/2021
19133;17/08/2021
18764;18/08/2021
17809;19/08/2021
17364;20/08/2021
17215;21/08/2021
17775;22/08/2021
16359;23/08/2021
16163;24/08/2021
15969;25/08/2021
15192;26/08/2021
15014;27/08/2021
14895;28/08/2021
14755;29/08/2021
14624;30/08/2021
14705;31/08/2021
14911;01/09/2021
15011;02/09/2021
14933;03/09/2021
15025;04/09/2021
15419;05/09/2021
15816;06/09/2021
16154;07/09/2021
16071;08/09/2021
16238;09/09/2021
16414;10/09/2021
16463;11/09/2021
16403;12/09/2021
16412;13/09/2021
16489;14/09/2021
16585;15/09/2021
16422;16/09/2021
16526;17/09/2021
16774;18/09/2021
17019;19/09/2021
17774;20/09/2021
17914;21/09/2021
18133;22/09/2021
18170;23/09/2021
18139;24/09/2021
18194;25/09/2021
18168;26/09/2021
18072;27/09/2021
17883;28/09/2021
17688;29/09/2021
17596;30/09/2021
17758;01/10/2021
17825;02/10/2021
18198;03/10/2021
18475;04/10/2021
18407;05/10/2021
18752;06/10/2021
19128;07/10/2021
19351;08/10/2021
19649;09/10/2021
19644;10/10/2021
19654;11/10/2021
19685;12/10/2021
19860;13/10/2021
20078;14/10/2021
20452;15/10/2021
20521;16/10/2021
20613;17/10/2021
20369;18/10/2021
20339;19/10/2021
20158;20/10/2021
19871;21/10/2021
19668;22/10/2021
19495;23/10/2021
19293;24/10/2021
18349;25/10/2021
17979;26/10/2021
18011;27/10/2021
17798;28/10/2021
17640;29/10/2021
17385;30/10/2021
17369;31/10/2021
17408;01/11/2021
17068;02/11/2021
17042;03/11/2021
17049;04/11/2021
16955;05/11/2021
16780;06/11/2021
16569;07/11/2021
16708;08/11/2021
16725;09/11/2021
16495;10/11/2021
16495;11/11/2021
16213;12/11/2021
16075;13/11/2021
16202;14/11/2021
16112;15/11/2021
15937;16/11/2021
16067;17/11/2021
16119;18/11/2021
16708;19/11/2021
17277;20/11/2021
18473;21/11/2021
19883;22/11/2021
20563;23/11/2021
21319;24/11/2021
21777;25/11/2021
23325;26/11/2021
25270;27/11/2021
26561;28/11/2021
29476;29/11/2021
33071;30/11/2021
37443;01/12/2021
42256;02/12/2021
46167;03/12/2021
50879;04/12/2021
52116;05/12/2021
54875;06/12/2021
56974;07/12/2021
56980;08/12/2021
57802;09/12/2021
58144;10/12/2021
59121;11/12/2021
61069;12/12/2021
73048;13/12/2021
76244;14/12/2021
78192;15/12/2021
77593;16/12/2021
77948;17/12/2021
79824;18/12/2021
80110;19/12/2021
82657;20/12/2021
83479;21/12/2021
83512;22/12/2021
83844;23/12/2021
85995;24/12/2021
86232;25/12/2021
85044;26/12/2021
83961;27/12/2021
83057;28/12/2021
80317;29/12/2021
76781;30/12/2021
70128;31/12/2021
68185;01/01/2022
69324;02/01/2022
67964;03/01/2022
65118;04/01/2022
58047;05/01/2022
51184;06/01/2022
47719;07/01/2022
46252;08/01/2022
45838;09/01/2022
43073;10/01/2022
40569;11/01/2022
39953;12/01/2022
38704;13/01/2022
38401;14/01/2022
37896;15/01/2022
37696;16/01/2022
36437;17/01/2022
35501;18/01/2022
35120;19/01/2022
34057;20/01/2022
31797;21/01/2022
30976;22/01/2022
30022;23/01/2022
27390;24/01/2022
26607;25/01/2022
25578;26/01/2022
24356;27/01/2022
23897;28/01/2022
23722;29/01/2022
24054;30/01/2022
24799;31/01/2022
24749;01/02/2022
25365;02/02/2022
27543;03/02/2022
32989;04/02/2022
36890;05/02/2022
36884;06/02/2022
34885;07/02/2022
35335;08/02/2022
35242;09/02/2022
34782;10/02/2022
34603;11/02/2022
35098;12/02/2022
35003;13/02/2022
35178;14/02/2022
36051;15/02/2022
38142;16/02/2022
38792;17/02/2022
39062;18/02/2022
39182;19/02/2022
39590;20/02/2022
41764;21/02/2022
43083;22/02/2022
44568;23/02/2022
45612;24/02/2022
45758;25/02/2022
48738;26/02/2022
49043;27/02/2022
51515;28/02/2022
54085;01/03/2022
54963;02/03/2022
55311;03/03/2022
56594;04/03/2022
57900;05/03/2022
58182;06/03/2022
59896;07/03/2022
59695;08/03/2022
58435;09/03/2022
53524;10/03/2022
52484;11/03/2022
53377;12/03/2022
51901;13/03/2022
48247;14/03/2022
46801;15/03/2022
46671;16/03/2022
47731;17/03/2022
48682;18/03/2022
48632;19/03/2022
47913;20/03/2022
45952;21/03/2022
45219;22/03/2022
44592;23/03/2022
44576;24/03/2022
43916;25/03/2022
43446;26/03/2022
42660;27/03/2022
41457;28/03/2022
41224;29/03/2022
40653;30/03/2022
40038;31/03/2022
39834;01/04/2022
39371;02/04/2022
38896;03/04/2022
40557;04/04/2022
41500;05/04/2022
39975;06/04/2022
37517;07/04/2022
33926;08/04/2022
32462;09/04/2022
30807;10/04/2022
28806;11/04/2022
27644;12/04/2022
26711;13/04/2022
25947;14/04/2022
25514;15/04/2022
25409;16/04/2022
25088;17/04/2022
24772;18/04/2022
24748;19/04/2022
24271;20/04/2022
23974;21/04/2022
23137;22/04/2022
23311;23/04/2022
23374;24/04/2022
23482;25/04/2022
24499;26/04/2022
26222;27/04/2022
26373;28/04/2022
26439;29/04/2022
26873;30/04/2022
27967;01/05/2022
28606;02/05/2022
28458;03/05/2022
29880;04/05/2022
30050;05/05/2022
29687;06/05/2022
28124;07/05/2022
27274;08/05/2022
24775;09/05/2022
24844;10/05/2022
25103;11/05/2022
25216;12/05/2022
25471;13/05/2022
26089;14/05/2022
27307;15/05/2022
28402;16/05/2022
32253;17/05/2022
34908;18/05/2022
37552;19/05/2022
39941;20/05/2022
42203;21/05/2022
42087;22/05/2022
41959;23/05/2022
43461;24/05/2022
49043;25/05/2022
50601;26/05/2022
50491;27/05/2022
51380;28/05/2022
52363;29/05/2022
57517;30/05/2022
61855;31/05/2022
62792;01/06/2022
61914;02/06/2022
63965;03/06/2022
74159;04/06/2022
76248;05/06/2022
82470;06/06/2022
85496;07/06/2022
86477;08/06/2022
88075;09/06/2022
88943;10/06/2022
89557;11/06/2022
89493;12/06/2022
89243;13/06/2022
91359;14/06/2022
91621;15/06/2022
91151;16/06/2022
90474;17/06/2022
90507;18/06/2022
90758;19/06/2022
93043;20/06/2022
94657;21/06/2022
96677;22/06/2022
96478;23/06/2022
95868;24/06/2022
96188;25/06/2022
95794;26/06/2022
94549;27/06/2022
93366;28/06/2022
93317;29/06/2022
92111;30/06/2022
91464;01/07/2022
91839;02/07/2022
92205;03/07/2022
94527;04/07/2022
95156;05/07/2022
93959;06/07/2022
92441;07/07/2022
92494;08/07/2022
91322;09/07/2022
91572;10/07/2022
94222;11/07/2022
94418;12/07/2022
92517;13/07/2022
86255;14/07/2022
81251;15/07/2022
81152;16/07/2022
80380;17/07/2022
73759;18/07/2022
71430;19/07/2022
69618;20/07/2022
68437;21/07/2022
67369;22/07/2022
67181;23/07/2022
66405;24/07/2022
63917;25/07/2022
62067;26/07/2022
61187;27/07/2022
60475;28/07/2022
60612;29/07/2022
60973;30/07/2022
61288;31/07/2022
62268;01/08/2022
61868;02/08/2022
61587;03/08/2022
60301;04/08/2022
58540;05/08/2022
57892;06/08/2022
57482;07/08/2022
54786;08/08/2022
54011;09/08/2022
52923;10/08/2022
50660;11/08/2022
47641;12/08/2022
45247;13/08/2022
43656;14/08/2022
39223;15/08/2022
38715;16/08/2022
38710;17/08/2022
37952;18/08/2022
37621;19/08/2022
37585;20/08/2022
37471;21/08/2022
35979;22/08/2022
35414;23/08/2022
35042;24/08/2022
34570;25/08/2022
34703;26/08/2022
34882;27/08/2022
35208;28/08/2022
37410;29/08/2022
39441;30/08/2022
41515;31/08/2022
42385;01/09/2022
43141;02/09/2022
43385;03/09/2022
44010;04/09/2022
47963;05/09/2022
50803;06/09/2022
51747;07/09/2022
51486;08/09/2022
50743;09/09/2022
50126;10/09/2022
50617;11/09/2022
51175;12/09/2022
51572;13/09/2022
52688;14/09/2022
53223;15/09/2022
56656;16/09/2022
61584;17/09/2022
62836;18/09/2022
64045;19/09/2022
63526;20/09/2022
62402;21/09/2022
60770;22/09/2022
59089;23/09/2022
58754;24/09/2022
57860;25/09/2022
55578;26/09/2022
55155;27/09/2022
55846;28/09/2022
55353;29/09/2022
55063;30/09/2022
55131;01/10/2022
54901;02/10/2022
53116;03/10/2022
52690;04/10/2022
51470;05/10/2022
48066;06/10/2022
44643;07/10/2022
44504;08/10/2022
44670;09/10/2022
43396;10/10/2022
42585;11/10/2022
41613;12/10/2022
40388;13/10/2022
39224;14/10/2022
39088;15/10/2022
38467;16/10/2022
36850;17/10/2022
35638;18/10/2022
35507;19/10/2022
34985;20/10/2022
34674;21/10/2022
34094;22/10/2022
33614;23/10/2022
32430;24/10/2022
32702;25/10/2022
32703;26/10/2022
32009;27/10/2022
30846;28/10/2022
30726;29/10/2022
30207;30/10/2022
28611;31/10/2022
27501;01/11/2022
27000;02/11/2022
26112;03/11/2022
26172;04/11/2022
26653;05/11/2022
26634;06/11/2022
26508;07/11/2022
26098;08/11/2022
25876;09/11/2022
25882;10/11/2022
25807;11/11/2022
25845;12/11/2022
25819;13/11/2022
25432;14/11/2022
25909;15/11/2022
27380;16/11/2022
28477;17/11/2022
29157;18/11/2022
29603;19/11/2022
30147;20/11/2022
30585;21/11/2022
30678;22/11/2022
30301;23/11/2022
30050;24/11/2022
29478;25/11/2022
28773;26/11/2022
28650;27/11/2022
28486;28/11/2022
29041;29/11/2022
29605;30/11/2022
30339;01/12/2022
30481;02/12/2022
31769;03/12/2022
32713;04/12/2022
36959;05/12/2022
39431;06/12/2022
39683;07/12/2022
39770;08/12/2022
39628;09/12/2022
39250;10/12/2022
38937;11/12/2022
37478;12/12/2022
36957;13/12/2022
35541;14/12/2022
34286;15/12/2022
33580;16/12/2022
33599;17/12/2022
33748;18/12/2022
33979;19/12/2022
33933;20/12/2022
33737;21/12/2022
34085;22/12/2022
36503;23/12/2022
38625;24/12/2022
39387;25/12/2022
42301;26/12/2022
43628;27/12/2022
46168;28/12/2022
48036;29/12/2022
49433;30/12/2022
50644;31/12/2022
52189;01/01/2023
58995;02/01/2023
60428;03/01/2023
58697;04/01/2023
56529;05/01/2023
56339;06/01/2023
57776;07/01/2023
57018;08/01/2023
55783;09/01/2023
54374;10/01/2023
52574;11/01/2023
51725;12/01/2023
50582;13/01/2023
49498;14/01/2023
47910;15/01/2023
43279;16/01/2023
43617;17/01/2023
45781;18/01/2023
46233;19/01/2023
45856;20/01/2023
45487;21/01/2023
45224;22/01/2023
46771;23/01/2023
49256;24/01/2023
49204;25/01/2023
49296;26/01/2023
49744;27/01/2023
49640;28/01/2023
49547;29/01/2023
49882;30/01/2023
49841;31/01/2023
49191;01/02/2023
48150;02/02/2023
48194;03/02/2023
49137;04/02/2023
50459;05/02/2023
53358;06/02/2023
54289;07/02/2023
54259;08/02/2023
54494;09/02/2023
55572;10/02/2023
56593;11/02/2023
56941;12/02/2023
58471;13/02/2023
58590;14/02/2023
58771;15/02/2023
60517;16/02/2023
61340;17/02/2023
61671;18/02/2023
61321;19/02/2023
60809;20/02/2023
60555;21/02/2023
61229;22/02/2023
60989;23/02/2023
60782;24/02/2023
60587;25/02/2023
60107;26/02/2023
57971;27/02/2023
57774;28/02/2023
58233;01/03/2023
59782;02/03/2023
63060;03/03/2023
65068;04/03/2023
66397;05/03/2023
70951;06/03/2023
71507;07/03/2023
71180;08/03/2023
71429;09/03/2023
72137;10/03/2023
72928;11/03/2023
73138;12/03/2023
74131;13/03/2023
74640;14/03/2023
74971;15/03/2023
76185;16/03/2023
76698;17/03/2023
76115;18/03/2023
76129;19/03/2023
75571;20/03/2023
74975;21/03/2023
74467;22/03/2023
73188;23/03/2023
73325;24/03/2023
73528;25/03/2023
72608;26/03/2023
65540;27/03/2023
56109;28/03/2023
51544;29/03/2023
52083;30/03/2023
50405;31/03/2023
46324;01/04/2023
45197;02/04/2023
40507;03/04/2023
38862;04/04/2023
36705;05/04/2023
35678;06/04/2023
34850;07/04/2023
33956;08/04/2023
33119;09/04/2023
30764;10/04/2023
29968;11/04/2023
29627;12/04/2023
28720;13/04/2023
28063;14/04/2023
28030;15/04/2023
28035;16/04/2023
27190;17/04/2023
29487;18/04/2023
30683;19/04/2023
30077;20/04/2023
31436;21/04/2023
31675;22/04/2023
31857;23/04/2023
32030;24/04/2023
30828;25/04/2023
27776;26/04/2023
25125;27/04/2023
24117;28/04/2023
24169;29/04/2023
24297;30/04/2023
24473;01/05/2023
24482;02/05/2023
24917;03/05/2023
24911;04/05/2023
24727;05/05/2023
24740;06/05/2023
25337;07/05/2023
26492;08/05/2023
27241;09/05/2023
27769;10/05/2023
28172;11/05/2023
27914;12/05/2023
27941;13/05/2023
28086;14/05/2023
28873;15/05/2023
30000;16/05/2023
30447;17/05/2023
30532;18/05/2023
30840;19/05/2023
32426;20/05/2023
33815;21/05/2023
36517;22/05/2023
36444;23/05/2023
35953;24/05/2023
35589;25/05/2023
35951;26/05/2023
36980;27/05/2023
36733;28/05/2023
36251;29/05/2023
36931;30/05/2023
37251;31/05/2023
37331;01/06/2023
37142;02/06/2023
37122;03/06/2023
37354;04/06/2023
37307;05/06/2023
37694;06/06/2023
37328;07/06/2023
37241;08/06/2023
37354;09/06/2023
37492;10/06/2023
37311;11/06/2023
36208;12/06/2023
36053;13/06/2023
35367;14/06/2023
35067;15/06/2023
34395;16/06/2023
33689;17/06/2023
32866;18/06/2023
31155;19/06/2023
31572;20/06/2023
31653;21/06/2023
31268;22/06/2023
30876;23/06/2023
30726;24/06/2023
30441;25/06/2023
30444;26/06/2023
30415;27/06/2023
29776;28/06/2023
29774;29/06/2023
30149;30/06/2023
30703;01/07/2023
30404;02/07/2023
28407;03/07/2023
27935;04/07/2023
27144;05/07/2023
26240;06/07/2023
26163;07/07/2023
26555;08/07/2023
27042;09/07/2023
26655;10/07/2023
26098;11/07/2023
25813;12/07/2023
25844;13/07/2023
25894;14/07/2023
26148;15/07/2023
25987;16/07/2023
25993;17/07/2023
25752;18/07/2023
25811;19/07/2023
26587;20/07/2023
27432;21/07/2023
27611;22/07/2023
27734;23/07/2023
28501;24/07/2023
29414;25/07/2023
30676;26/07/2023
31347;27/07/2023
31406;28/07/2023
31767;29/07/2023
31908;30/07/2023
33329;31/07/2023
33923;01/08/2023
34650;02/08/2023
35224;03/08/2023
35674;04/08/2023
36181;05/08/2023
36264;06/08/2023
37803;07/08/2023
38595;08/08/2023
38789;09/08/2023
38884;10/08/2023
38947;11/08/2023
39252;12/08/2023
39237;13/08/2023
39953;14/08/2023
40724;15/08/2023
41283;16/08/2023
41111;17/08/2023
41012;18/08/2023
41258;19/08/2023
41070;20/08/2023
39859;21/08/2023
39130;22/08/2023
38494;23/08/2023
36824;24/08/2023
35836;25/08/2023
35076;26/08/2023
34399;27/08/2023
31433;28/08/2023
31002;29/08/2023
29973;30/08/2023
28932;31/08/2023
28470;01/09/2023
28025;02/09/2023
27641;03/09/2023
26014;04/09/2023
26492;05/09/2023
26211;06/09/2023
26095;07/09/2023
25861;08/09/2023
25916;09/09/2023
25757;10/09/2023
25154;11/09/2023
25067;12/09/2023
25043;13/09/2023
24882;14/09/2023
24669;15/09/2023
24621;16/09/2023
24757;17/09/2023
24977;18/09/2023
25336;19/09/2023
25096;20/09/2023
24951;21/09/2023
25072;22/09/2023
25473;23/09/2023
25716;24/09/2023
26318;25/09/2023
26492;26/09/2023
26581;27/09/2023
26675;28/09/2023
26851;29/09/2023
27600;30/09/2023
27804;01/10/2023
30164;02/10/2023
31335;03/10/2023
32076;04/10/2023
33887;05/10/2023
35040;06/10/2023
35064;07/10/2023
35511;08/10/2023
36482;09/10/2023
37202;10/10/2023
38358;11/10/2023
39394;12/10/2023
39245;13/10/2023
39093;14/10/2023
39389;15/10/2023
41320;16/10/2023
43007;17/10/2023
43839;18/10/2023
45128;19/10/2023
45713;20/10/2023
46673;21/10/2023
47732;22/10/2023
54047;23/10/2023
55955;24/10/2023
56521;25/10/2023
57571;26/10/2023
57901;27/10/2023
60061;28/10/2023
61603;29/10/2023
65272;30/10/2023
66150;31/10/2023
65041;01/11/2023
64432;02/11/2023
66946;03/11/2023
68443;04/11/2023
68086;05/11/2023
66415;06/11/2023
66280;07/11/2023
68516;08/11/2023
70516;09/11/2023
70420;10/11/2023
69832;11/11/2023
69162;12/11/2023
70476;13/11/2023
71799;14/11/2023
71999;15/11/2023
72685;16/11/2023
73338;17/11/2023
73732;18/11/2023
74328;19/11/2023
80221;20/11/2023
85383;21/11/2023
87067;22/11/2023
85796;23/11/2023
85202;24/11/2023
84431;25/11/2023
83846;26/11/2023
81985;27/11/2023
82167;28/11/2023
81673;29/11/2023
80850;30/11/2023
79816;01/12/2023
80171;02/12/2023
80343;03/12/2023
83078;04/12/2023
84471;05/12/2023
83630;06/12/2023
83371;07/12/2023
84826;08/12/2023
85037;09/12/2023
85262;10/12/2023
85501;11/12/2023
85186;12/12/2023
83115;13/12/2023
82655;14/12/2023
80637;15/12/2023
79971;16/12/2023
79494;17/12/2023
76401;18/12/2023
76026;19/12/2023
75325;20/12/2023
74691;21/12/2023
73953;22/12/2023
73892;23/12/2023
73810;24/12/2023
73734;25/12/2023
73689;26/12/2023
73065;27/12/2023
72581;28/12/2023
71642;29/12/2023
70288;30/12/2023
68838;31/12/2023
69328;01/01/2024
70646;02/01/2024
69040;03/01/2024
65810;04/01/2024
60999;05/01/2024
58851;06/01/2024
58227;07/01/2024
53639;08/01/2024
51317;09/01/2024
49005;10/01/2024
47163;11/01/2024
44404;12/01/2024
43303;13/01/2024
43929;14/01/2024
45251;15/01/2024
44736;16/01/2024
42635;17/01/2024
40371;18/01/2024
39699;19/01/2024
39812;20/01/2024
39348;21/01/2024
37146;22/01/2024
35198;23/01/2024
34628;24/01/2024
34989;25/01/2024
34995;26/01/2024
34901;27/01/2024
34424;28/01/2024
34180;29/01/2024
34356;30/01/2024
34332;31/01/2024
33774;01/02/2024
33430;02/02/2024
33606;03/02/2024
33906;04/02/2024
34562;05/02/2024
34950;06/02/2024
35880;07/02/2024
36536;08/02/2024
37946;09/02/2024
40819;10/02/2024
42209;11/02/2024
46062;12/02/2024
46786;13/02/2024
47376;14/02/2024
54408;15/02/2024
60753;16/02/2024
61070;17/02/2024
61659;18/02/2024
62590;19/02/2024
63609;20/02/2024
66302;21/02/2024
68780;22/02/2024
69647;23/02/2024
68760;24/02/2024
64392;25/02/2024
56305;26/02/2024
57542;27/02/2024
56872;28/02/2024
55476;29/02/2024
51922;01/03/2024
51508;02/03/2024
51910;03/03/2024
53228;04/03/2024
54214;05/03/2024
52351;06/03/2024
51625;07/03/2024
51023;08/03/2024
51220;09/03/2024
50491;10/03/2024
48048;11/03/2024
47884;12/03/2024
49559;13/03/2024
48521;14/03/2024
45307;15/03/2024
42091;16/03/2024
41126;17/03/2024
38432;18/03/2024
36954;19/03/2024
35232;20/03/2024
32628;21/03/2024
32539;22/03/2024
32238;23/03/2024
31525;24/03/2024
29276;25/03/2024
28348;26/03/2024
27896;27/03/2024
27735;28/03/2024
27546;29/03/2024
27597;30/03/2024
27558;31/03/2024
28597;01/04/2024
29553;02/04/2024
29544;03/04/2024
28608;04/04/2024
28597;05/04/2024
29409;06/04/2024
30976;07/04/2024
32081;08/04/2024
31818;09/04/2024
31864;10/04/2024
32002;11/04/2024
32963;12/04/2024
32909;13/04/2024
31582;14/04/2024
30337;15/04/2024
27617;16/04/2024
27064;17/04/2024
26478;18/04/2024
27158;19/04/2024
27729;20/04/2024
27786;21/04/2024
30118;22/04/2024
30314;23/04/2024
30241;24/04/2024
30314;25/04/2024
30758;26/04/2024
30418;27/04/2024
30287;28/04/2024
27872;29/04/2024
27279;30/04/2024
26993;01/05/2024
25730;02/05/2024
24773;03/05/2024
24514;04/05/2024
24292;05/05/2024
22477;06/05/2024
22120;07/05/2024
21680;08/05/2024
21733;09/05/2024
21632;10/05/2024
21396;11/05/2024
21466;12/05/2024
20755;13/05/2024
21321;14/05/2024
22675;15/05/2024
23523;16/05/2024
24146;17/05/2024
23805;18/05/2024
23644;19/05/2024
23655;20/05/2024
23640;21/05/2024
23638;22/05/2024
23586;23/05/2024
23701;24/05/2024
23852;25/05/2024
24453;26/05/2024
25333;27/05/2024
25385;28/05/2024
25469;29/05/2024
25509;30/05/2024
25646;31/05/2024
25713;01/06/2024
25838;02/06/2024
26886;03/06/2024
27502;04/06/2024
28552;05/06/2024
28907;06/06/2024
29437;07/06/2024
30122;08/06/2024
31051;09/06/2024
33204;10/06/2024
32913;11/06/2024
32555;12/06/2024
31871;13/06/2024
31387;14/06/2024
31198;15/06/2024
30738;16/06/2024
30482;17/06/2024
30821;18/06/2024
30373;19/06/2024
29515;20/06/2024
28730;21/06/2024
28059;22/06/2024
27366;23/06/2024
26586;24/06/2024
27800;25/06/2024
27900;26/06/2024
27843;27/06/2024
27721;28/06/2024
28291;29/06/2024
28878;30/06/2024
30764;01/07/2024
32620;02/07/2024
34404;03/07/2024
35557;04/07/2024
36187;05/07/2024
36738;06/07/2024
37081;07/07/2024
39806;08/07/2024
40462;09/07/2024
41719;10/07/2024
44297;11/07/2024
46770;12/07/2024
49364;13/07/2024
50717;14/07/2024
53405;15/07/2024
54202;16/07/2024
57209;17/07/2024
62279;18/07/2024
63849;19/07/2024
64323;20/07/2024
64161;21/07/2024
65349;22/07/2024
69248;23/07/2024
72530;24/07/2024
72368;25/07/2024
69128;26/07/2024
68079;27/07/2024
68250;28/07/2024
71548;29/07/2024
71199;30/07/2024
68978;31/07/2024
67476;01/08/2024
67597;02/08/2024
67849;03/08/2024
67776;04/08/2024
66727;05/08/2024
66541;06/08/2024
65770;07/08/2024
64547;08/08/2024
62887;09/08/2024
62352;10/08/2024
61919;11/08/2024
58987;12/08/2024
57309;13/08/2024
55013;14/08/2024
52894;15/08/2024
51766;16/08/2024
51287;17/08/2024
51379;18/08/2024
52587;19/08/2024
51146;20/08/2024
49012;21/08/2024
46744;22/08/2024
44997;23/08/2024
44367;24/08/2024
43404;25/08/2024
39494;26/08/2024
36336;27/08/2024
34567;28/08/2024
34474;29/08/2024
33992;30/08/2024
33245;31/08/2024
32909;01/09/2024
31564;02/09/2024
31132;03/09/2024
31575;04/09/2024
32205;05/09/2024
32057;06/09/2024
32089;07/09/2024
32095;08/09/2024
32035;09/09/2024
32092;10/09/2024
31621;11/09/2024
31529;12/09/2024
31484;13/09/2024
31426;14/09/2024
31554;15/09/2024
31478;16/09/2024
32006;17/09/2024
32837;18/09/2024
32912;19/09/2024
32930;20/09/2024
32746;21/09/2024
32754;22/09/2024
32305;23/09/2024
32224;24/09/2024
31974;25/09/2024
31564;26/09/2024
31210;27/09/2024
31153;28/09/2024
30993;29/09/2024
30678;30/09/2024
30841;01/10/2024
31369;02/10/2024
32063;03/10/2024
32476;04/10/2024
32579;05/10/2024
32626;06/10/2024
33304;07/10/2024
33953;08/10/2024
34650;09/10/2024
35109;10/10/2024
35062;11/10/2024
35284;12/10/2024
35389;13/10/2024
35744;14/10/2024
35775;15/10/2024
35877;16/10/2024
35418;17/10/2024
34833;18/10/2024
34766;19/10/2024
34641;20/10/2024
33939;21/10/2024
33653;22/10/2024
33454;23/10/2024
33306;24/10/2024
33115;25/10/2024
32926;26/10/2024
32656;27/10/2024
31279;28/10/2024
30841;29/10/2024
30663;30/10/2024
29975;31/10/2024
29309;01/11/2024
28809;02/11/2024
28540;03/11/2024
27517;04/11/2024
27779;05/11/2024
28699;06/11/2024
29148;07/11/2024
29527;08/11/2024
29509;09/11/2024
29481;10/11/2024
30461;11/11/2024
31177;12/11/2024
31321;13/11/2024
30968;14/11/2024
30022;15/11/2024
29616;16/11/2024
29398;17/11/2024
28429;18/11/2024
27690;19/11/2024
26521;20/11/2024
25962;21/11/2024
25619;22/11/2024
25666;23/11/2024
25267;24/11/2024
24206;25/11/2024
23793;26/11/2024
23799;27/11/2024
24930;28/11/2024
25184;29/11/2024
25398;30/11/2024
25296;01/12/2024
24418;02/12/2024
24514;03/12/2024
25244;04/12/2024
26406;05/12/2024
26694;06/12/2024
26739;07/12/2024
26805;08/12/2024
27580;09/12/2024
28651;10/12/2024
29448;11/12/2024
30005;12/12/2024
30255;13/12/2024
30416;14/12/2024
32134;15/12/2024
37026;16/12/2024
37866;17/12/2024
37695;18/12/2024
38169;19/12/2024
41716;20/12/2024
46368;21/12/2024
48702;22/12/2024
50188;23/12/2024
48197;24/12/2024
49649;25/12/2024
52594;26/12/2024
54251;27/12/2024
53756;28/12/2024
54674;29/12/2024
56361;30/12/2024
56942;31/12/2024
