Tanggal,Dagingsapi
2014-01-01,91505
2014-01-02,91648
2014-01-03,91464
2014-01-04,91654
2014-01-05,91637
2014-01-06,92031
2014-01-07,92110
2014-01-08,92168
2014-01-09,92052
2014-01-10,92101
2014-01-11,92189
2014-01-12,92246
2014-01-13,92227
2014-01-14,92187
2014-01-15,92668
2014-01-16,92361
2014-01-17,92331
2014-01-18,92460
2014-01-19,92101
2014-01-20,92117
2014-01-21,92217
2014-01-22,92203
2014-01-23,92281
2014-01-24,92351
2014-01-25,92408
2014-01-26,92421
2014-01-27,92599
2014-01-28,92628
2014-01-29,92535
2014-01-30,92577
2014-01-31,92802
2014-02-01,92589
2014-02-02,92677
2014-02-03,92620
2014-02-04,92403
2014-02-05,92324
2014-02-06,92810
2014-02-07,92654
2014-02-08,92595
2014-02-09,92595
2014-02-10,92803
2014-02-11,92757
2014-02-12,92829
2014-02-13,92842
2014-02-14,92886
2014-02-15,92915
2014-02-16,92781
2014-02-17,93005
2014-02-18,92996
2014-02-19,93128
2014-02-20,93354
2014-02-21,93266
2014-02-22,93393
2014-02-23,93454
2014-02-24,93426
2014-02-25,93426
2014-02-26,93441
2014-02-27,93611
2014-02-28,93433
2014-03-01,93402
2014-03-02,93420
2014-03-03,93340
2014-03-04,93147
2014-03-05,93278
2014-03-06,93734
2014-03-07,93625
2014-03-08,93427
2014-03-09,93404
2014-03-10,93410
2014-03-11,93345
2014-03-12,93318
2014-03-13,93332
2014-03-14,93332
2014-03-15,93270
2014-03-16,93319
2014-03-17,93420
2014-03-18,93495
2014-03-19,93376
2014-03-20,93350
2014-03-21,93407
2014-03-22,93289
2014-03-23,93302
2014-03-24,93520
2014-03-25,93520
2014-03-26,93572
2014-03-27,93614
2014-03-28,93577
2014-03-29,93604
2014-03-30,93707
2014-03-31,93669
2014-04-01,93805
2014-04-02,93628
2014-04-03,93628
2014-04-04,93397
2014-04-05,93493
2014-04-06,93489
2014-04-07,93459
2014-04-08,93422
2014-04-09,93352
2014-04-10,93343
2014-04-11,93317
2014-04-12,93290
2014-04-13,93159
2014-04-14,93249
2014-04-15,93209
2014-04-16,93152
2014-04-17,93196
2014-04-18,93126
2014-04-19,93191
2014-04-20,93164
2014-04-21,93229
2014-04-22,93270
2014-04-23,93055
2014-04-24,92910
2014-04-25,92866
2014-04-26,92912
2014-04-27,92944
2014-04-28,92906
2014-04-29,92945
2014-04-30,92858
2014-05-01,92954
2014-05-02,92962
2014-05-03,92998
2014-05-04,92998
2014-05-05,93048
2014-05-06,93048
2014-05-07,93387
2014-05-08,93191
2014-05-09,93225
2014-05-10,93242
2014-05-11,93075
2014-05-12,93031
2014-05-13,93049
2014-05-14,93040
2014-05-15,93048
2014-05-16,93172
2014-05-17,93167
2014-05-18,93172
2014-05-19,93036
2014-05-20,93062
2014-05-21,93097
2014-05-22,93057
2014-05-23,93049
2014-05-24,93088
2014-05-25,93088
2014-05-26,93162
2014-05-27,93149
2014-05-28,93161
2014-05-29,93728
2014-05-30,93476
2014-05-31,93732
2014-06-01,93669
2014-06-02,93706
2014-06-03,93730
2014-06-04,93739
2014-06-05,93797
2014-06-06,93853
2014-06-07,93831
2014-06-08,93831
2014-06-09,93831
2014-06-10,93846
2014-06-11,93835
2014-06-12,93850
2014-06-13,93936
2014-06-14,93958
2014-06-15,93971
2014-06-16,94006
2014-06-17,94287
2014-06-18,94348
2014-06-19,94471
2014-06-20,94476
2014-06-21,94739
2014-06-22,94739
2014-06-23,94869
2014-06-24,94759
2014-06-25,94817
2014-06-26,95094
2014-06-27,95295
2014-06-28,95318
2014-06-29,95489
2014-06-30,95858
2014-07-01,95972
2014-07-02,95888
2014-07-03,95667
2014-07-04,95619
2014-07-05,95553
2014-07-06,95544
2014-07-07,95594
2014-07-08,95576
2014-07-09,95504
2014-07-10,95429
2014-07-11,95453
2014-07-12,95565
2014-07-13,95630
2014-07-14,95570
2014-07-15,95543
2014-07-16,95692
2014-07-17,95635
2014-07-18,95569
2014-07-19,95514
2014-07-20,95749
2014-07-21,96119
2014-07-22,96143
2014-07-23,96586
2014-07-24,96816
2014-07-25,97113
2014-07-26,98661
2014-07-27,99697
2014-07-28,100660
2014-07-29,100066
2014-07-30,100051
2014-07-31,99414
2014-08-01,99187
2014-08-02,99712
2014-08-03,99343
2014-08-04,98249
2014-08-05,97991
2014-08-06,97578
2014-08-07,97323
2014-08-08,96973
2014-08-09,96833
2014-08-10,96837
2014-08-11,96793
2014-08-12,96603
2014-08-13,96531
2014-08-14,96550
2014-08-15,96282
2014-08-16,96107
2014-08-17,96262
2014-08-18,95375
2014-08-19,95501
2014-08-20,95527
2014-08-21,95348
2014-08-22,94771
2014-08-23,95372
2014-08-24,95401
2014-08-25,95626
2014-08-26,95626
2014-08-27,95240
2014-08-28,95187
2014-08-29,94871
2014-08-30,94880
2014-08-31,94889
2014-09-01,95058
2014-09-02,95049
2014-09-03,95049
2014-09-04,95108
2014-09-05,95061
2014-09-06,94670
2014-09-07,94630
2014-09-08,95091
2014-09-09,95257
2014-09-10,95334
2014-09-11,95448
2014-09-12,95421
2014-09-13,95093
2014-09-14,95278
2014-09-15,95534
2014-09-16,95455
2014-09-17,95532
2014-09-18,95514
2014-09-19,95365
2014-09-20,95249
2014-09-21,95281
2014-09-22,95536
2014-09-23,95551
2014-09-24,95516
2014-09-25,95661
2014-09-26,95687
2014-09-27,95564
2014-09-28,95464
2014-09-29,95610
2014-09-30,95606
2014-10-01,95602
2014-10-02,95700
2014-10-03,95814
2014-10-04,95970
2014-10-05,95527
2014-10-06,95846
2014-10-07,95648
2014-10-08,95596
2014-10-09,95460
2014-10-10,95542
2014-10-11,95564
2014-10-12,95779
2014-10-13,95790
2014-10-14,95883
2014-10-15,95885
2014-10-16,95771
2014-10-17,95818
2014-10-18,95831
2014-10-19,95699
2014-10-20,95642
2014-10-21,95598
2014-10-22,95655
2014-10-23,95442
2014-10-24,95520
2014-10-25,95520
2014-10-26,95534
2014-10-27,95364
2014-10-28,95348
2014-10-29,95383
2014-10-30,95377
2014-10-31,95342
2014-11-01,95327
2014-11-02,95327
2014-11-03,95528
2014-11-04,95510
2014-11-05,95557
2014-11-06,95542
2014-11-07,95542
2014-11-08,95407
2014-11-09,95398
2014-11-10,95391
2014-11-11,95522
2014-11-12,95509
2014-11-13,95548
2014-11-14,95576
2014-11-15,95558
2014-11-16,95621
2014-11-17,95745
2014-11-18,95799
2014-11-19,95904
2014-11-20,95611
2014-11-21,95597
2014-11-22,95599
2014-11-23,95627
2014-11-24,95606
2014-11-25,95606
2014-11-26,95611
2014-11-27,95602
2014-11-28,95596
2014-11-29,95600
2014-11-30,95603
2014-12-01,95499
2014-12-02,95588
2014-12-03,95568
2014-12-04,95692
2014-12-05,95637
2014-12-06,95880
2014-12-07,95867
2014-12-08,95776
2014-12-09,95742
2014-12-10,95723
2014-12-11,95741
2014-12-12,95663
2014-12-13,95776
2014-12-14,95666
2014-12-15,95901
2014-12-16,95897
2014-12-17,95852
2014-12-18,95879
2014-12-19,95929
2014-12-20,96028
2014-12-21,96028
2014-12-22,96468
2014-12-23,96512
2014-12-24,96376
2014-12-25,96442
2014-12-26,96442
2014-12-27,96434
2014-12-28,95883
2014-12-29,96417
2014-12-30,96500
2014-12-31,96592
2015-01-01,96612
2015-01-02,96664
2015-01-03,96612
2015-01-04,96735
2015-01-05,96623
2015-01-06,96584
2015-01-07,96481
2015-01-08,96442
2015-01-09,96399
2015-01-10,96385
2015-01-11,96298
2015-01-12,96668
2015-01-13,96635
2015-01-14,96721
2015-01-15,96600
2015-01-16,96600
2015-01-17,96547
2015-01-18,96558
2015-01-19,96553
2015-01-20,96414
2015-01-21,96414
2015-01-22,96585
2015-01-23,96580
2015-01-24,96545
2015-01-25,96540
2015-01-26,96502
2015-01-27,96471
2015-01-28,96466
2015-01-29,96383
2015-01-30,96448
2015-01-31,96448
2015-02-01,96448
2015-02-02,96092
2015-02-03,96025
2015-02-04,96030
2015-02-05,96074
2015-02-06,95898
2015-02-07,96056
2015-02-08,96056
2015-02-09,96192
2015-02-10,96091
2015-02-11,96057
2015-02-12,96198
2015-02-13,96259
2015-02-14,96286
2015-02-15,96375
2015-02-16,96379
2015-02-17,96366
2015-02-18,96453
2015-02-19,96459
2015-02-20,96367
2015-02-21,96235
2015-02-22,96170
2015-02-23,96121
2015-02-24,96090
2015-02-25,96116
2015-02-26,96232
2015-02-27,96179
2015-02-28,96345
2015-03-01,96143
2015-03-02,96390
2015-03-03,96487
2015-03-04,96424
2015-03-05,96397
2015-03-06,96430
2015-03-07,96364
2015-03-08,96321
2015-03-09,96110
2015-03-10,96110
2015-03-11,96084
2015-03-12,95992
2015-03-13,96004
2015-03-14,96004
2015-03-15,96004
2015-03-16,96232
2015-03-17,96227
2015-03-18,96190
2015-03-19,96265
2015-03-20,96528
2015-03-21,96497
2015-03-22,96497
2015-03-23,96262
2015-03-24,96273
2015-03-25,96273
2015-03-26,96279
2015-03-27,96297
2015-03-28,96297
2015-03-29,96271
2015-03-30,96295
2015-03-31,96295
2015-04-01,96207
2015-04-02,96089
2015-04-03,96023
2015-04-04,96072
2015-04-05,96225
2015-04-06,96006
2015-04-07,96006
2015-04-08,95975
2015-04-09,96005
2015-04-10,96005
2015-04-11,96010
2015-04-12,95967
2015-04-13,95910
2015-04-14,95947
2015-04-15,95960
2015-04-16,95969
2015-04-17,96072
2015-04-18,95996
2015-04-19,95994
2015-04-20,95862
2015-04-21,95862
2015-04-22,95864
2015-04-23,95929
2015-04-24,95962
2015-04-25,95995
2015-04-26,96017
2015-04-27,96114
2015-04-28,95969
2015-04-29,95837
2015-04-30,95925
2015-05-01,95983
2015-05-02,96062
2015-05-03,96085
2015-05-04,95893
2015-05-05,95814
2015-05-06,95868
2015-05-07,95861
2015-05-08,95879
2015-05-09,95928
2015-05-10,95897
2015-05-11,95884
2015-05-12,95884
2015-05-13,96089
2015-05-14,96031
2015-05-15,96033
2015-05-16,96033
2015-05-17,95994
2015-05-18,95989
2015-05-19,95989
2015-05-20,96048
2015-05-21,96017
2015-05-22,95921
2015-05-23,96000
2015-05-24,95987
2015-05-25,96107
2015-05-26,96113
2015-05-27,96165
2015-05-28,96177
2015-05-29,96177
2015-05-30,96177
2015-05-31,96479
2015-06-01,96414
2015-06-02,96449
2015-06-03,96957
2015-06-04,96957
2015-06-05,96892
2015-06-06,96905
2015-06-07,96878
2015-06-08,96769
2015-06-09,96738
2015-06-10,96745
2015-06-11,96811
2015-06-12,96855
2015-06-13,96732
2015-06-14,96842
2015-06-15,97057
2015-06-16,96986
2015-06-17,97353
2015-06-18,97344
2015-06-19,97221
2015-06-20,97200
2015-06-21,97125
2015-06-22,97309
2015-06-23,97388
2015-06-24,97512
2015-06-25,97446
2015-06-26,97428
2015-06-27,97422
2015-06-28,97567
2015-06-29,97609
2015-06-30,97744
2015-07-01,97655
2015-07-02,97785
2015-07-03,97855
2015-07-04,97893
2015-07-05,97850
2015-07-06,97788
2015-07-07,97907
2015-07-08,97922
2015-07-09,97992
2015-07-10,98015
2015-07-11,98202
2015-07-12,98609
2015-07-13,99285
2015-07-14,100042
2015-07-15,101224
2015-07-16,102882
2015-07-17,103191
2015-07-18,102594
2015-07-19,102835
2015-07-20,103066
2015-07-21,102298
2015-07-22,101792
2015-07-23,101798
2015-07-24,101497
2015-07-25,101576
2015-07-26,101541
2015-07-27,100782
2015-07-28,100809
2015-07-29,100541
2015-07-30,100313
2015-07-31,99952
2015-08-01,100104
2015-08-02,100034
2015-08-03,99761
2015-08-04,99757
2015-08-05,99790
2015-08-06,99759
2015-08-07,99816
2015-08-08,99842
2015-08-09,99970
2015-08-10,100585
2015-08-11,101062
2015-08-12,100983
2015-08-13,101049
2015-08-14,101119
2015-08-15,101170
2015-08-16,101314
2015-08-17,101422
2015-08-18,101212
2015-08-19,101133
2015-08-20,100798
2015-08-21,100702
2015-08-22,100728
2015-08-23,100308
2015-08-24,100229
2015-08-25,100115
2015-08-26,100069
2015-08-27,100128
2015-08-28,100199
2015-08-29,100114
2015-08-30,100264
2015-08-31,100096
2015-09-01,100115
2015-09-02,100001
2015-09-03,99975
2015-09-04,99953
2015-09-05,99882
2015-09-06,99922
2015-09-07,100042
2015-09-08,100064
2015-09-09,100003
2015-09-10,99959
2015-09-11,99981
2015-09-12,99928
2015-09-13,99928
2015-09-14,99510
2015-09-15,99376
2015-09-16,99357
2015-09-17,99181
2015-09-18,99589
2015-09-19,99457
2015-09-20,99431
2015-09-21,99188
2015-09-22,99319
2015-09-23,99824
2015-09-24,99850
2015-09-25,99547
2015-09-26,99666
2015-09-27,99468
2015-09-28,99728
2015-09-29,99706
2015-09-30,99389
2015-10-01,99436
2015-10-02,99406
2015-10-03,99384
2015-10-04,99397
2015-10-05,99386
2015-10-06,99376
2015-10-07,99457
2015-10-08,99495
2015-10-09,99585
2015-10-10,99621
2015-10-11,99636
2015-10-12,99749
2015-10-13,99727
2015-10-14,99688
2015-10-15,99736
2015-10-16,99599
2015-10-17,99625
2015-10-18,99672
2015-10-19,99607
2015-10-20,99563
2015-10-21,99567
2015-10-22,99557
2015-10-23,99645
2015-10-24,99658
2015-10-25,99635
2015-10-26,99675
2015-10-27,99649
2015-10-28,99675
2015-10-29,99688
2015-10-30,99670
2015-10-31,99911
2015-11-01,99871
2015-11-02,99881
2015-11-03,99642
2015-11-04,99579
2015-11-05,99662
2015-11-06,99660
2015-11-07,99682
2015-11-08,99630
2015-11-09,99756
2015-11-10,99723
2015-11-11,99736
2015-11-12,99612
2015-11-13,99528
2015-11-14,99572
2015-11-15,99704
2015-11-16,100011
2015-11-17,100050
2015-11-18,100254
2015-11-19,100342
2015-11-20,100271
2015-11-21,100448
2015-11-22,100597
2015-11-23,100751
2015-11-24,100621
2015-11-25,100717
2015-11-26,100696
2015-11-27,100696
2015-11-28,100810
2015-11-29,100964
2015-11-30,100846
2015-12-01,100787
2015-12-02,100721
2015-12-03,100564
2015-12-04,100484
2015-12-05,100444
2015-12-06,100501
2015-12-07,100435
2015-12-08,100506
2015-12-09,100558
2015-12-10,100448
2015-12-11,100711
2015-12-12,100759
2015-12-13,100781
2015-12-14,101040
2015-12-15,100785
2015-12-16,101220
2015-12-17,101336
2015-12-18,101410
2015-12-19,101542
2015-12-20,101700
2015-12-21,101757
2015-12-22,101818
2015-12-23,101853
2015-12-24,102016
2015-12-25,102406
2015-12-26,102207
2015-12-27,102459
2015-12-28,103214
2015-12-29,103302
2015-12-30,103312
2015-12-31,103261
2016-01-01,103408
2016-01-02,103368
2016-01-03,103210
2016-01-04,102833
2016-01-05,102717
2016-01-06,102804
2016-01-07,102833
2016-01-08,103169
2016-01-09,103139
2016-01-10,103134
2016-01-11,103136
2016-01-12,103221
2016-01-13,103328
2016-01-14,103504
2016-01-15,103732
2016-01-16,103666
2016-01-17,103600
2016-01-18,103605
2016-01-19,103474
2016-01-20,103662
2016-01-21,102752
2016-01-22,102873
2016-01-23,102926
2016-01-24,103233
2016-01-25,104717
2016-01-26,103407
2016-01-27,103717
2016-01-28,103809
2016-01-29,103864
2016-01-30,104088
2016-01-31,103832
2016-02-01,104277
2016-02-02,104185
2016-02-03,104210
2016-02-04,103038
2016-02-05,103422
2016-02-06,102048
2016-02-07,100163
2016-02-08,99821
2016-02-09,103408
2016-02-10,103966
2016-02-11,104110
2016-02-12,104011
2016-02-13,103045
2016-02-14,103963
2016-02-15,103286
2016-02-16,104325
2016-02-17,104240
2016-02-18,104593
2016-02-19,104348
2016-02-20,104342
2016-02-21,104625
2016-02-22,104286
2016-02-23,105769
2016-02-24,103009
2016-02-25,105441
2016-02-26,105414
2016-02-27,106033
2016-02-28,106053
2016-02-29,105403
2016-03-01,105644
2016-03-02,102948
2016-03-03,105592
2016-03-04,105682
2016-03-05,105833
2016-03-06,106095
2016-03-07,106139
2016-03-08,105052
2016-03-09,105015
2016-03-10,105875
2016-03-11,105001
2016-03-12,106062
2016-03-13,105348
2016-03-14,105627
2016-03-15,105788
2016-03-16,105610
2016-03-17,105594
2016-03-18,104570
2016-03-19,105854
2016-03-20,105801
2016-03-21,105761
2016-03-22,105608
2016-03-23,104780
2016-03-24,105657
2016-03-25,105768
2016-03-26,105664
2016-03-27,105743
2016-03-28,104874
2016-03-29,104786
2016-03-30,104755
2016-03-31,104741
2016-04-01,101633
2016-04-02,101765
2016-04-03,101684
2016-04-04,103967
2016-04-05,104379
2016-04-06,103360
2016-04-07,104338
2016-04-08,103986
2016-04-09,104037
2016-04-10,103903
2016-04-11,104061
2016-04-12,104148
2016-04-13,103988
2016-04-14,103907
2016-04-15,104236
2016-04-16,103245
2016-04-17,103300
2016-04-18,103870
2016-04-19,103587
2016-04-20,103039
2016-04-21,103877
2016-04-22,102923
2016-04-23,103214
2016-04-24,103244
2016-04-25,103402
2016-04-26,104569
2016-04-27,103487
2016-04-28,102934
2016-04-29,103994
2016-04-30,104548
2016-05-01,102810
2016-05-02,103540
2016-05-03,103043
2016-05-04,104007
2016-05-05,104283
2016-05-06,104273
2016-05-07,104290
2016-05-08,104287
2016-05-09,104039
2016-05-10,103826
2016-05-11,104037
2016-05-12,104272
2016-05-13,103848
2016-05-14,104960
2016-05-15,104541
2016-05-16,104062
2016-05-17,104122
2016-05-18,104370
2016-05-19,103215
2016-05-20,104323
2016-05-21,103911
2016-05-22,104050
2016-05-23,103823
2016-05-24,104361
2016-05-25,104684
2016-05-26,104983
2016-05-27,104747
2016-05-28,105261
2016-05-29,105247
2016-05-30,104021
2016-05-31,105165
2016-06-01,105905
2016-06-02,104885
2016-06-03,105684
2016-06-04,105915
2016-06-05,106728
2016-06-06,106256
2016-06-07,105790
2016-06-08,106288
2016-06-09,106603
2016-06-10,106316
2016-06-11,106554
2016-06-12,106283
2016-06-13,105763
2016-06-14,105823
2016-06-15,105868
2016-06-16,105704
2016-06-17,105659
2016-06-18,105880
2016-06-19,115883
2016-06-20,105891
2016-06-21,105695
2016-06-22,104537
2016-06-23,104490
2016-06-24,105102
2016-06-25,105110
2016-06-26,105263
2016-06-27,105103
2016-06-28,105026
2016-06-29,105034
2016-06-30,106106
2016-07-01,106047
2016-07-02,106220
2016-07-03,107107
2016-07-04,109220
2016-07-05,107442
2016-07-06,111048
2016-07-07,110824
2016-07-08,107874
2016-07-09,109540
2016-07-10,109896
2016-07-11,108041
2016-07-12,107280
2016-07-13,107614
2016-07-14,108146
2016-07-15,107971
2016-07-16,107271
2016-07-17,104793
2016-07-18,107228
2016-07-19,106755
2016-07-20,106635
2016-07-21,103685
2016-07-22,106114
2016-07-23,106406
2016-07-24,106281
2016-07-25,106595
2016-07-26,105998
2016-07-27,106250
2016-07-28,104530
2016-07-29,105303
2016-07-30,105600
2016-07-31,105614
2016-08-01,104389
2016-08-02,105632
2016-08-03,105231
2016-08-04,105198
2016-08-05,105121
2016-08-06,104052
2016-08-07,104854
2016-08-08,104859
2016-08-09,104814
2016-08-10,104921
2016-08-11,104811
2016-08-12,105000
2016-08-13,104960
2016-08-14,105148
2016-08-15,105064
2016-08-16,104463
2016-08-17,102106
2016-08-18,104560
2016-08-19,104668
2016-08-20,104603
2016-08-21,103718
2016-08-22,105287
2016-08-23,104809
2016-08-24,104859
2016-08-25,105318
2016-08-26,105028
2016-08-27,105077
2016-08-28,104914
2016-08-29,105067
2016-08-30,105036
2016-08-31,105357
2016-09-01,104721
2016-09-02,104962
2016-09-03,104975
2016-09-04,104789
2016-09-05,104857
2016-09-06,105003
2016-09-07,105162
2016-09-08,105300
2016-09-09,104896
2016-09-10,105229
2016-09-11,105610
2016-09-12,105929
2016-09-13,105599
2016-09-14,104902
2016-09-15,105053
2016-09-16,105281
2016-09-17,104771
2016-09-18,104896
2016-09-19,104974
2016-09-20,104763
2016-09-21,104628
2016-09-22,104540
2016-09-23,105021
2016-09-24,104793
2016-09-25,105058
2016-09-26,105048
2016-09-27,104879
2016-09-28,103337
2016-09-29,104954
2016-09-30,104913
2016-10-01,104687
2016-10-02,104605
2016-10-03,104532
2016-10-04,104425
2016-10-05,104558
2016-10-06,104349
2016-10-07,104635
2016-10-08,104504
2016-10-09,104330
2016-10-10,104594
2016-10-11,104689
2016-10-12,104372
2016-10-13,104371
2016-10-14,104476
2016-10-15,104260
2016-10-16,104394
2016-10-17,104500
2016-10-18,103501
2016-10-19,104408
2016-10-20,104238
2016-10-21,103156
2016-10-22,104266
2016-10-23,104424
2016-10-24,104507
2016-10-25,104570
2016-10-26,104548
2016-10-27,103770
2016-10-28,104778
2016-10-29,103555
2016-10-30,103490
2016-10-31,104571
2016-11-01,104482
2016-11-02,104469
2016-11-03,104446
2016-11-04,104499
2016-11-05,104408
2016-11-06,104360
2016-11-07,104339
2016-11-08,104585
2016-11-09,104342
2016-11-10,104506
2016-11-11,102672
2016-11-12,104305
2016-11-13,104675
2016-11-14,104486
2016-11-15,104677
2016-11-16,104667
2016-11-17,104788
2016-11-18,104416
2016-11-19,103443
2016-11-20,103682
2016-11-21,104681
2016-11-22,104594
2016-11-23,104611
2016-11-24,103766
2016-11-25,104509
2016-11-26,104373
2016-11-27,104416
2016-11-28,104702
2016-11-29,104695
2016-11-30,104461
2016-12-01,104543
2016-12-02,104481
2016-12-03,104264
2016-12-04,105101
2016-12-05,104510
2016-12-06,104623
2016-12-07,103671
2016-12-08,104645
2016-12-09,104617
2016-12-10,104504
2016-12-11,104690
2016-12-12,105267
2016-12-13,105187
2016-12-14,105068
2016-12-15,105024
2016-12-16,104908
2016-12-17,104777
2016-12-18,104798
2016-12-19,104798
2016-12-20,102690
2016-12-21,104989
2016-12-22,105022
2016-12-23,103801
2016-12-24,105093
2016-12-25,105463
2016-12-26,105502
2016-12-27,105176
2016-12-28,104651
2016-12-29,105365
2016-12-30,104844
2016-12-31,105089
2017-01-01,105264
2017-01-02,105045
2017-01-03,105058
2017-01-04,105009
2017-01-05,105055
2017-01-06,104918
2017-01-07,104682
2017-01-08,105021
2017-01-09,105021
2017-01-10,105060
2017-01-11,105016
2017-01-12,104297
2017-01-13,104863
2017-01-14,105025
2017-01-15,104928
2017-01-16,105084
2017-01-17,105214
2017-01-18,105196
2017-01-19,105351
2017-01-20,105254
2017-01-21,105122
2017-01-22,105102
2017-01-23,105242
2017-01-24,105153
2017-01-25,105042
2017-01-26,105014
2017-01-27,105180
2017-01-28,104984
2017-01-29,105176
2017-01-30,105138
2017-01-31,105261
2017-02-01,105205
2017-02-02,105251
2017-02-03,105336
2017-02-04,105274
2017-02-05,105132
2017-02-06,105083
2017-02-07,105288
2017-02-08,105319
2017-02-09,105424
2017-02-10,105487
2017-02-11,105644
2017-02-12,105210
2017-02-13,105485
2017-02-14,105346
2017-02-15,105135
2017-02-16,105100
2017-02-17,105170
2017-02-18,105183
2017-02-19,105068
2017-02-20,105048
2017-02-21,104475
2017-02-22,105170
2017-02-23,105192
2017-02-24,105158
2017-02-25,105345
2017-02-26,105254
2017-02-27,105487
2017-02-28,105430
2017-03-01,105416
2017-03-02,105480
2017-03-03,105404
2017-03-04,105404
2017-03-05,105450
2017-03-06,105375
2017-03-07,105324
2017-03-08,105303
2017-03-09,105371
2017-03-10,105336
2017-03-11,105303
2017-03-12,105340
2017-03-13,105292
2017-03-14,105346
2017-03-15,105364
2017-03-16,105454
2017-03-17,105324
2017-03-18,105481
2017-03-19,105355
2017-03-20,105283
2017-03-21,105273
2017-03-22,105059
2017-03-23,105087
2017-03-24,105040
2017-03-25,105211
2017-03-26,105243
2017-03-27,105218
2017-03-28,105137
2017-03-29,105142
2017-03-30,105417
2017-03-31,105048
2017-04-01,104877
2017-04-02,104944
2017-04-03,104860
2017-04-04,104905
2017-04-05,105057
2017-04-06,105259
2017-04-07,105105
2017-04-08,105035
2017-04-09,105136
2017-04-10,105001
2017-04-11,104833
2017-04-12,104803
2017-04-13,105020
2017-04-14,104983
2017-04-15,105107
2017-04-16,104999
2017-04-17,104980
2017-04-18,104191
2017-04-19,105007
2017-04-20,104945
2017-04-21,104953
2017-04-22,105046
2017-04-23,104843
2017-04-24,104986
2017-04-25,104960
2017-04-26,104968
2017-04-27,105092
2017-04-28,105041
2017-04-29,105246
2017-04-30,105356
2017-05-01,105226
2017-05-02,105171
2017-05-03,105223
2017-05-04,105285
2017-05-05,105164
2017-05-06,105171
2017-05-07,105239
2017-05-08,105162
2017-05-09,105122
2017-05-10,105277
2017-05-11,105321
2017-05-12,105349
2017-05-13,105408
2017-05-14,105286
2017-05-15,105465
2017-05-16,105295
2017-05-17,105332
2017-05-18,105549
2017-05-19,105559
2017-05-20,105703
2017-05-21,105546
2017-05-22,105666
2017-05-23,104296
2017-05-24,105562
2017-05-25,105721
2017-05-26,105977
2017-05-27,106042
2017-05-28,106069
2017-05-29,106127
2017-05-30,105936
2017-05-31,105758
2017-06-01,105891
2017-06-02,105773
2017-06-03,105811
2017-06-04,105848
2017-06-05,106284
2017-06-06,106543
2017-06-07,106505
2017-06-08,106441
2017-06-09,106410
2017-06-10,106697
2017-06-11,106746
2017-06-12,106704
2017-06-13,106757
2017-06-14,106703
2017-06-15,106628
2017-06-16,106944
2017-06-17,107003
2017-06-18,107036
2017-06-19,107628
2017-06-20,107787
2017-06-21,107842
2017-06-22,108987
2017-06-23,110009
2017-06-24,112473
2017-06-25,112890
2017-06-26,111595
2017-06-27,111284
2017-06-28,110953
2017-06-29,109134
2017-06-30,110518
2017-07-01,110280
2017-07-02,110558
2017-07-03,108737
2017-07-04,108432
2017-07-05,108147
2017-07-06,107901
2017-07-07,107568
2017-07-08,107671
2017-07-09,107460
2017-07-10,107230
2017-07-11,107249
2017-07-12,107203
2017-07-13,107288
2017-07-14,107414
2017-07-15,107279
2017-07-16,107266
2017-07-17,107209
2017-07-18,107391
2017-07-19,107373
2017-07-20,107112
2017-07-21,106983
2017-07-22,107046
2017-07-23,106954
2017-07-24,107048
2017-07-25,106995
2017-07-26,106945
2017-07-27,107115
2017-07-28,107022
2017-07-29,107056
2017-07-30,106904
2017-07-31,106810
2017-08-01,106664
2017-08-02,106629
2017-08-03,106195
2017-08-04,106774
2017-08-05,106913
2017-08-06,106913
2017-08-07,107015
2017-08-08,106778
2017-08-09,107019
2017-08-10,107058
2017-08-11,106985
2017-08-12,106990
2017-08-13,107063
2017-08-14,107214
2017-08-15,107083
2017-08-16,106986
2017-08-17,107201
2017-08-18,107128
2017-08-19,107031
2017-08-20,107080
2017-08-21,107099
2017-08-22,106317
2017-08-23,107136
2017-08-24,107144
2017-08-25,107070
2017-08-26,106833
2017-08-27,107046
2017-08-28,106571
2017-08-29,106909
2017-08-30,106795
2017-08-31,107215
2017-09-01,107824
2017-09-02,107085
2017-09-03,107166
2017-09-04,106995
2017-09-05,106416
2017-09-06,106614
2017-09-07,106350
2017-09-08,106390
2017-09-09,106429
2017-09-10,106574
2017-09-11,106309
2017-09-12,106253
2017-09-13,106190
2017-09-14,106371
2017-09-15,106380
2017-09-16,106676
2017-09-17,106282
2017-09-18,105552
2017-09-19,106216
2017-09-20,106449
2017-09-21,106110
2017-09-22,106206
2017-09-23,106105
2017-09-24,106175
2017-09-25,106425
2017-09-26,106352
2017-09-27,106301
2017-09-28,106308
2017-09-29,106337
2017-09-30,106192
2017-10-01,106242
2017-10-02,106251
2017-10-03,106153
2017-10-04,106126
2017-10-05,106227
2017-10-06,106183
2017-10-07,106451
2017-10-08,106096
2017-10-09,106289
2017-10-10,106249
2017-10-11,106261
2017-10-12,106119
2017-10-13,105979
2017-10-14,106001
2017-10-15,106223
2017-10-16,106405
2017-10-17,106361
2017-10-18,106253
2017-10-19,106296
2017-10-20,106300
2017-10-21,106141
2017-10-22,106038
2017-10-23,106230
2017-10-24,106232
2017-10-25,105900
2017-10-26,105272
2017-10-27,106059
2017-10-28,106243
2017-10-29,106103
2017-10-30,106107
2017-10-31,106119
2017-11-01,106058
2017-11-02,106105
2017-11-03,106024
2017-11-04,105947
2017-11-05,106097
2017-11-06,106082
2017-11-07,106174
2017-11-08,106106
2017-11-09,105982
2017-11-10,106012
2017-11-11,106097
2017-11-12,106086
2017-11-13,106131
2017-11-14,106068
2017-11-15,106389
2017-11-16,106366
2017-11-17,106294
2017-11-18,106395
2017-11-19,106384
2017-11-20,106207
2017-11-21,106146
2017-11-22,106136
2017-11-23,106267
2017-11-24,106438
2017-11-25,106332
2017-11-26,106308
2017-11-27,106632
2017-11-28,106685
2017-11-29,106317
2017-11-30,106424
2017-12-01,106682
2017-12-02,106675
2017-12-03,106311
2017-12-04,106625
2017-12-05,106772
2017-12-06,106515
2017-12-07,106577
2017-12-08,106748
2017-12-09,106839
2017-12-10,106664
2017-12-11,106763
2017-12-12,106774
2017-12-13,106755
2017-12-14,106889
2017-12-15,106828
2017-12-16,106878
2017-12-17,107031
2017-12-18,107159
2017-12-19,107084
2017-12-20,106287
2017-12-21,107372
2017-12-22,107328
2017-12-23,107227
2017-12-24,107357
2017-12-25,107328
2017-12-26,107236
2017-12-27,107217
2017-12-28,107023
2017-12-29,107038
2017-12-30,106929
2017-12-31,107037
2018-01-01,107060
2018-01-02,106880
2018-01-03,106951
2018-01-04,106978
2018-01-05,106872
2018-01-06,107076
2018-01-07,106917
2018-01-08,106960
2018-01-09,106889
2018-01-10,106891
2018-01-11,106984
2018-01-12,106976
2018-01-13,106955
2018-01-14,106889
2018-01-15,106860
2018-01-16,106956
2018-01-17,106916
2018-01-18,106897
2018-01-19,106828
2018-01-20,106839
2018-01-21,106764
2018-01-22,106722
2018-01-23,106796
2018-01-24,106764
2018-01-25,106853
2018-01-26,106900
2018-01-27,106958
2018-01-28,106785
2018-01-29,106819
2018-01-30,106929
2018-01-31,106889
2018-02-01,106761
2018-02-02,106810
2018-02-03,106862
2018-02-04,106601
2018-02-05,106750
2018-02-06,106696
2018-02-07,106708
2018-02-08,106644
2018-02-09,106610
2018-02-10,106727
2018-02-11,106746
2018-02-12,106771
2018-02-13,106753
2018-02-14,106666
2018-02-15,106662
2018-02-16,106640
2018-02-17,106132
2018-02-18,106637
2018-02-19,106545
2018-02-20,106621
2018-02-21,106492
2018-02-22,106564
2018-02-23,106430
2018-02-24,106375
2018-02-25,106431
2018-02-26,106564
2018-02-27,106450
2018-02-28,106415
2018-03-01,106552
2018-03-02,106522
2018-03-03,106579
2018-03-04,106527
2018-03-05,106648
2018-03-06,106651
2018-03-07,106603
2018-03-08,106481
2018-03-09,106496
2018-03-10,106619
2018-03-11,106549
2018-03-12,106580
2018-03-13,106634
2018-03-14,106661
2018-03-15,106731
2018-03-16,106691
2018-03-17,106743
2018-03-18,106622
2018-03-19,106544
2018-03-20,106539
2018-03-21,106517
2018-03-22,106561
2018-03-23,106546
2018-03-24,106604
2018-03-25,106629
2018-03-26,106537
2018-03-27,106426
2018-03-28,106544
2018-03-29,106574
2018-03-30,106598
2018-03-31,106629
2018-04-01,106652
2018-04-02,106674
2018-04-03,106630
2018-04-04,106616
2018-04-05,106598
2018-04-06,106640
2018-04-07,106591
2018-04-08,106536
2018-04-09,106488
2018-04-10,106549
2018-04-11,106477
2018-04-12,106496
2018-04-13,106509
2018-04-14,106489
2018-04-15,106395
2018-04-16,106414
2018-04-17,106364
2018-04-18,105557
2018-04-19,106431
2018-04-20,106420
2018-04-21,106495
2018-04-22,106482
2018-04-23,106415
2018-04-24,106459
2018-04-25,106501
2018-04-26,106383
2018-04-27,106293
2018-04-28,106345
2018-04-29,106518
2018-04-30,106471
2018-05-01,106581
2018-05-02,106460
2018-05-03,106539
2018-05-04,106465
2018-05-05,106533
2018-05-06,106696
2018-05-07,106677
2018-05-08,106545
2018-05-09,106444
2018-05-10,106442
2018-05-11,106596
2018-05-12,106584
2018-05-13,106902
2018-05-14,106702
2018-05-15,106759
2018-05-16,106280
2018-05-17,106248
2018-05-18,107061
2018-05-19,107095
2018-05-20,106997
2018-05-21,106907
2018-05-22,107035
2018-05-23,107145
2018-05-24,107039
2018-05-25,106999
2018-05-26,116805
2018-05-27,106965
2018-05-28,106662
2018-05-29,106928
2018-05-30,106948
2018-05-31,106964
2018-06-01,107025
2018-06-02,107210
2018-06-03,107249
2018-06-04,107276
2018-06-05,107330
2018-06-06,107624
2018-06-07,107613
2018-06-08,107653
2018-06-09,108161
2018-06-10,108263
2018-06-11,109678
2018-06-12,110309
2018-06-13,112029
2018-06-14,113720
2018-06-15,113399
2018-06-16,113175
2018-06-17,113033
2018-06-18,113012
2018-06-19,113014
2018-06-20,112580
2018-06-21,111303
2018-06-22,110654
2018-06-23,110450
2018-06-24,110259
2018-06-25,109758
2018-06-26,109670
2018-06-27,109591
2018-06-28,109238
2018-06-29,109270
2018-06-30,109161
2018-07-01,109102
2018-07-02,108922
2018-07-03,108955
2018-07-04,108903
2018-07-05,108758
2018-07-06,108683
2018-07-07,108707
2018-07-08,108594
2018-07-09,108599
2018-07-10,108522
2018-07-11,108520
2018-07-12,108410
2018-07-13,108368
2018-07-14,108263
2018-07-15,108259
2018-07-16,108194
2018-07-17,108199
2018-07-18,108206
2018-07-19,108241
2018-07-20,108227
2018-07-21,108301
2018-07-22,108268
2018-07-23,108056
2018-07-24,108065
2018-07-25,108102
2018-07-26,108126
2018-07-27,108135
2018-07-28,108100
2018-07-29,108107
2018-07-30,108046
2018-07-31,108115
2018-08-01,108084
2018-08-02,108149
2018-08-03,108187
2018-08-04,108045
2018-08-05,108117
2018-08-06,108096
2018-08-07,108112
2018-08-08,108265
2018-08-09,108254
2018-08-10,108225
2018-08-11,108206
2018-08-12,108207
2018-08-13,108292
2018-08-14,108221
2018-08-15,108147
2018-08-16,108100
2018-08-17,108145
2018-08-18,108167
2018-08-19,108164
2018-08-20,108293
2018-08-21,108475
2018-08-22,108109
2018-08-23,107952
2018-08-24,107915
2018-08-25,107990
2018-08-26,107854
2018-08-27,108030
2018-08-28,108028
2018-08-29,108064
2018-08-30,108163
2018-08-31,108103
2018-09-01,108106
2018-09-02,108108
2018-09-03,108154
2018-09-04,108042
2018-09-05,108066
2018-09-06,107941
2018-09-07,107819
2018-09-08,107870
2018-09-09,107952
2018-09-10,108008
2018-09-11,107834
2018-09-12,107983
2018-09-13,107954
2018-09-14,107967
2018-09-15,108027
2018-09-16,108053
2018-09-17,108100
2018-09-18,107957
2018-09-19,108105
2018-09-20,108102
2018-09-21,108024
2018-09-22,108022
2018-09-23,108020
2018-09-24,108045
2018-09-25,108130
2018-09-26,108196
2018-09-27,108132
2018-09-28,108128
2018-09-29,108144
2018-09-30,108210
2018-10-01,108017
2018-10-02,107763
2018-10-03,107590
2018-10-04,107583
2018-10-05,107661
2018-10-06,107609
2018-10-07,107633
2018-10-08,107675
2018-10-09,107684
2018-10-10,107675
2018-10-11,107652
2018-10-12,107635
2018-10-13,107663
2018-10-14,107703
2018-10-15,107538
2018-10-16,107464
2018-10-17,107315
2018-10-18,107421
2018-10-19,107425
2018-10-20,107442
2018-10-21,107448
2018-10-22,107388
2018-10-23,107360
2018-10-24,107400
2018-10-25,107295
2018-10-26,107295
2018-10-27,107328
2018-10-28,107181
2018-10-29,107349
2018-10-30,107354
2018-10-31,107229
2018-11-01,107255
2018-11-02,107288
2018-11-03,107252
2018-11-04,107225
2018-11-05,107173
2018-11-06,107168
2018-11-07,107122
2018-11-08,107174
2018-11-09,107177
2018-11-10,107302
2018-11-11,107322
2018-11-12,107300
2018-11-13,107310
2018-11-14,107294
2018-11-15,107306
2018-11-16,107161
2018-11-17,107113
2018-11-18,107119
2018-11-19,107519
2018-11-20,107636
2018-11-21,107559
2018-11-22,107610
2018-11-23,107528
2018-11-24,107541
2018-11-25,107544
2018-11-26,107679
2018-11-27,107654
2018-11-28,107641
2018-11-29,107543
2018-11-30,107544
2018-12-01,107621
2018-12-02,107678
2018-12-03,107794
2018-12-04,107751
2018-12-05,107661
2018-12-06,107648
2018-12-07,107692
2018-12-08,107749
2018-12-09,107806
2018-12-10,107763
2018-12-11,107649
2018-12-12,107682
2018-12-13,107684
2018-12-14,107682
2018-12-15,107599
2018-12-16,107750
2018-12-17,107663
2018-12-18,107584
2018-12-19,107674
2018-12-20,107973
2018-12-21,107806
2018-12-22,107804
2018-12-23,107745
2018-12-24,107765
2018-12-25,107900
2018-12-26,107897
2018-12-27,107940
2018-12-28,107948
2018-12-29,107962
2018-12-30,107883
2018-12-31,107898
2019-01-01,108093
2019-01-02,107887
2019-01-03,107857
2019-01-04,107871
2019-01-05,107871
2019-01-06,107877
2019-01-07,107797
2019-01-08,107854
2019-01-09,107848
2019-01-10,107857
2019-01-11,107747
2019-01-12,107752
2019-01-13,107702
2019-01-14,107782
2019-01-15,107729
2019-01-16,107710
2019-01-17,107702
2019-01-18,107658
2019-01-19,107715
2019-01-20,107770
2019-01-21,107801
2019-01-22,107739
2019-01-23,107735
2019-01-24,107755
2019-01-25,107679
2019-01-26,107646
2019-01-27,107743
2019-01-28,107755
2019-01-29,107735
2019-01-30,107795
2019-01-31,107869
2019-02-01,107955
2019-02-02,107927
2019-02-03,107791
2019-02-04,108021
2019-02-05,107982
2019-02-06,107958
2019-02-07,108010
2019-02-08,107987
2019-02-09,107982
2019-02-10,107968
2019-02-11,107839
2019-02-12,107810
2019-02-13,107839
2019-02-14,107807
2019-02-15,107874
2019-02-16,107857
2019-02-17,107731
2019-02-18,107702
2019-02-19,107680
2019-02-20,107683
2019-02-21,107556
2019-02-22,107703
2019-02-23,107741
2019-02-24,107778
2019-02-25,107704
2019-02-26,107737
2019-02-27,107862
2019-02-28,107819
2019-03-01,107763
2019-03-02,107773
2019-03-03,107791
2019-03-04,107692
2019-03-05,107692
2019-03-06,107614
2019-03-07,107588
2019-03-08,107636
2019-03-09,107583
2019-03-10,107576
2019-03-11,107544
2019-03-12,107538
2019-03-13,107620
2019-03-14,107581
2019-03-15,107600
2019-03-16,107554
2019-03-17,107572
2019-03-18,107584
2019-03-19,107507
2019-03-20,107528
2019-03-21,107449
2019-03-22,107530
2019-03-23,107623
2019-03-24,107710
2019-03-25,107678
2019-03-26,107667
2019-03-27,107718
2019-03-28,107674
2019-03-29,107641
2019-03-30,107641
2019-03-31,107674
2019-04-01,107739
2019-04-02,107733
2019-04-03,107717
2019-04-04,107745
2019-04-05,107694
2019-04-06,107682
2019-04-07,107739
2019-04-08,107748
2019-04-09,107748
2019-04-10,107702
2019-04-11,107702
2019-04-12,107770
2019-04-13,107796
2019-04-14,107796
2019-04-15,107834
2019-04-16,107872
2019-04-17,107868
2019-04-18,107912
2019-04-19,107901
2019-04-20,107916
2019-04-21,107643
2019-04-22,107909
2019-04-23,107909
2019-04-24,107888
2019-04-25,107812
2019-04-26,107839
2019-04-27,107842
2019-04-28,107764
2019-04-29,107931
2019-04-30,108001
2019-05-01,108021
2019-05-02,108012
2019-05-03,108064
2019-05-04,108136
2019-05-05,108350
2019-05-06,108326
2019-05-07,108193
2019-05-08,108241
2019-05-09,108236
2019-05-10,108212
2019-05-11,108434
2019-05-12,108334
2019-05-13,108439
2019-05-14,108538
2019-05-15,108538
2019-05-16,108478
2019-05-17,108473
2019-05-18,108769
2019-05-19,108797
2019-05-20,108731
2019-05-21,108882
2019-05-22,108875
2019-05-23,108919
2019-05-24,109018
2019-05-25,109079
2019-05-26,109200
2019-05-27,109228
2019-05-28,109424
2019-05-29,109563
2019-05-30,110076
2019-05-31,110182
2019-06-01,110516
2019-06-02,111064
2019-06-03,113130
2019-06-04,115351
2019-06-05,113817
2019-06-06,113839
2019-06-07,113819
2019-06-08,113287
2019-06-09,113671
2019-06-10,112114
2019-06-11,111845
2019-06-12,111753
2019-06-13,111271
2019-06-14,110927
2019-06-15,110842
2019-06-16,110822
2019-06-17,110275
2019-06-18,109800
2019-06-19,109924
2019-06-20,109939
2019-06-21,109744
2019-06-22,109705
2019-06-23,109701
2019-06-24,109642
2019-06-25,109553
2019-06-26,109509
2019-06-27,109525
2019-06-28,109393
2019-06-29,109393
2019-06-30,109348
2019-07-01,109224
2019-07-02,109185
2019-07-03,109270
2019-07-04,109329
2019-07-05,109470
2019-07-06,109437
2019-07-07,109441
2019-07-08,109403
2019-07-09,109519
2019-07-10,108913
2019-07-11,108897
2019-07-12,108201
2019-07-13,108131
2019-07-14,108168
2019-07-15,109403
2019-07-16,109339
2019-07-17,109346
2019-07-18,109296
2019-07-19,109267
2019-07-20,109267
2019-07-21,109293
2019-07-22,109214
2019-07-23,109290
2019-07-24,109279
2019-07-25,109413
2019-07-26,109333
2019-07-27,109208
2019-07-28,109278
2019-07-29,109308
2019-07-30,109378
2019-07-31,109410
2019-08-01,109553
2019-08-02,109614
2019-08-03,109528
2019-08-04,109588
2019-08-05,109468
2019-08-06,109495
2019-08-07,109558
2019-08-08,109246
2019-08-09,109239
2019-08-10,109382
2019-08-11,109195
2019-08-12,108761
2019-08-13,108860
2019-08-14,108879
2019-08-15,108941
2019-08-16,108929
2019-08-17,108973
2019-08-18,108852
2019-08-19,108662
2019-08-20,108594
2019-08-21,108602
2019-08-22,108581
2019-08-23,108903
2019-08-24,108868
2019-08-25,108814
2019-08-26,108813
2019-08-27,108753
2019-08-28,108691
2019-08-29,108642
2019-08-30,108708
2019-08-31,108708
2019-09-01,108699
2019-09-02,108796
2019-09-03,108769
2019-09-04,108730
2019-09-05,108693
2019-09-06,108693
2019-09-07,108680
2019-09-08,108673
2019-09-09,108614
2019-09-10,108533
2019-09-11,108660
2019-09-12,108607
2019-09-13,108574
2019-09-14,108596
2019-09-15,108568
2019-09-16,108590
2019-09-17,108590
2019-09-18,108583
2019-09-19,108566
2019-09-20,108608
2019-09-21,108603
2019-09-22,108550
2019-09-23,108508
2019-09-24,108475
2019-09-25,108398
2019-09-26,108422
2019-09-27,108396
2019-09-28,108419
2019-09-29,108425
2019-09-30,108470
2019-10-01,108458
2019-10-02,108487
2019-10-03,108407
2019-10-04,108515
2019-10-05,108518
2019-10-06,108521
2019-10-07,108479
2019-10-08,108597
2019-10-09,108592
2019-10-10,108564
2019-10-11,108603
2019-10-12,108590
2019-10-13,108616
2019-10-14,108426
2019-10-15,108369
2019-10-16,108413
2019-10-17,108408
2019-10-18,108434
2019-10-19,108412
2019-10-20,108447
2019-10-21,108322
2019-10-22,108349
2019-10-23,108339
2019-10-24,108348
2019-10-25,108196
2019-10-26,108196
2019-10-27,108183
2019-10-28,108358
2019-10-29,108374
2019-10-30,108388
2019-10-31,108390
2019-11-01,108353
2019-11-02,108372
2019-11-03,108389
2019-11-04,108417
2019-11-05,108420
2019-11-06,108058
2019-11-07,108055
2019-11-08,108239
2019-11-09,108590
2019-11-10,108524
2019-11-11,108451
2019-11-12,108431
2019-11-13,108456
2019-11-14,108456
2019-11-15,108369
2019-11-16,108391
2019-11-17,108391
2019-11-18,108531
2019-11-19,108443
2019-11-20,108471
2019-11-21,108471
2019-11-22,108429
2019-11-23,108419
2019-11-24,108500
2019-11-25,108489
2019-11-26,108470
2019-11-27,108457
2019-11-28,108446
2019-11-29,108449
2019-11-30,108334
2019-12-01,108346
2019-12-02,108219
2019-12-03,108228
2019-12-04,108255
2019-12-05,108410
2019-12-06,108400
2019-12-07,108414
2019-12-08,108460
2019-12-09,108445
2019-12-10,108419
2019-12-11,108378
2019-12-12,108401
2019-12-13,108401
2019-12-14,108445
2019-12-15,108384
2019-12-16,108635
2019-12-17,108635
2019-12-18,108650
2019-12-19,108642
2019-12-20,108859
2019-12-21,108960
2019-12-22,108925
2019-12-23,108828
2019-12-24,108894
2019-12-25,109001
2019-12-26,108052
2019-12-27,108014
2019-12-28,108047
2019-12-29,108066
2019-12-30,108042
2019-12-31,108073
2020-01-01,107885
2020-01-02,107950
2020-01-03,107937
2020-01-04,108601
2020-01-05,108601
2020-01-06,108437
2020-01-07,108487
2020-01-08,108382
2020-01-09,108441
2020-01-10,108335
2020-01-11,108400
2020-01-12,108349
2020-01-13,108422
2020-01-14,108455
2020-01-15,108527
2020-01-16,108527
2020-01-17,108538
2020-01-18,108557
2020-01-19,108537
2020-01-20,108587
2020-01-21,108607
2020-01-22,108528
2020-01-23,108514
2020-01-24,108508
2020-01-25,108521
2020-01-26,108633
2020-01-27,108644
2020-01-28,108690
2020-01-29,108729
2020-01-30,108723
2020-01-31,108716
2020-02-01,108734
2020-02-02,108645
2020-02-03,108525
2020-02-04,108657
2020-02-05,108677
2020-02-06,108670
2020-02-07,108749
2020-02-08,108635
2020-02-09,108687
2020-02-10,108773
2020-02-11,108798
2020-02-12,108839
2020-02-13,108778
2020-02-14,108685
2020-02-15,108685
2020-02-16,108725
2020-02-17,108689
2020-02-18,108655
2020-02-19,108646
2020-02-20,108642
2020-02-21,108675
2020-02-22,108688
2020-02-23,108661
2020-02-24,108638
2020-02-25,108660
2020-02-26,108633
2020-02-27,108612
2020-02-28,108709
2020-02-29,108601
2020-03-01,108564
2020-03-02,108568
2020-03-03,108557
2020-03-04,108544
2020-03-05,108606
2020-03-06,108656
2020-03-07,108674
2020-03-08,108700
2020-03-09,108737
2020-03-10,108671
2020-03-11,108660
2020-03-12,108704
2020-03-13,108696
2020-03-14,108652
2020-03-15,108617
2020-03-16,108610
2020-03-17,108575
2020-03-18,108489
2020-03-19,108544
2020-03-20,108531
2020-03-21,108531
2020-03-22,108571
2020-03-23,108597
2020-03-24,108698
2020-03-25,108724
2020-03-26,108717
2020-03-27,108711
2020-03-28,108802
2020-03-29,108711
2020-03-30,108641
2020-03-31,108620
2020-04-01,108609
2020-04-02,108653
2020-04-03,108773
2020-04-04,108703
2020-04-05,108775
2020-04-06,108908
2020-04-07,108908
2020-04-08,108964
2020-04-09,108979
2020-04-10,108851
2020-04-11,108828
2020-04-12,108889
2020-04-13,108760
2020-04-14,108760
2020-04-15,108710
2020-04-16,108651
2020-04-17,108707
2020-04-18,108663
2020-04-19,108664
2020-04-20,108630
2020-04-21,108667
2020-04-22,108613
2020-04-23,108569
2020-04-24,108579
2020-04-25,108579
2020-04-26,108636
2020-04-27,108665
2020-04-28,108721
2020-04-29,108875
2020-04-30,108842
2020-05-01,108801
2020-05-02,108865
2020-05-03,108792
2020-05-04,108729
2020-05-05,108826
2020-05-06,108886
2020-05-07,108958
2020-05-08,108934
2020-05-09,108966
2020-05-10,108966
2020-05-11,108911
2020-05-12,108955
2020-05-13,109231
2020-05-14,109417
2020-05-15,109231
2020-05-16,109123
2020-05-17,109397
2020-05-18,109454
2020-05-19,109535
2020-05-20,110041
2020-05-21,110557
2020-05-22,111892
2020-05-23,113293
2020-05-24,112121
2020-05-25,111785
2020-05-26,112018
2020-05-27,111803
2020-05-28,111582
2020-05-29,111369
2020-05-30,111105
2020-05-31,110859
2020-06-01,110430
2020-06-02,110328
2020-06-03,109969
2020-06-04,109925
2020-06-05,109942
2020-06-06,109923
2020-06-07,109109
2020-06-08,108749
2020-06-09,109311
2020-06-10,109403
2020-06-11,109254
2020-06-12,109337
2020-06-13,109258
2020-06-14,109232
2020-06-15,109017
2020-06-16,108326
2020-06-17,108326
2020-06-18,108245
2020-06-19,108296
2020-06-20,108319
2020-06-21,108309
2020-06-22,108368
2020-06-23,109151
2020-06-24,109113
2020-06-25,109150
2020-06-26,109143
2020-06-27,109170
2020-06-28,109137
2020-06-29,109174
2020-06-30,109218
2020-07-01,109165
2020-07-02,109262
2020-07-03,109262
2020-07-04,109516
2020-07-05,109457
2020-07-06,109253
2020-07-07,109260
2020-07-08,109144
2020-07-09,109188
2020-07-10,109300
2020-07-11,109186
2020-07-12,109138
2020-07-13,109135
2020-07-14,109122
2020-07-15,109116
2020-07-16,109122
2020-07-17,109105
2020-07-18,109017
2020-07-19,109004
2020-07-20,108984
2020-07-21,108984
2020-07-22,108988
2020-07-23,108975
2020-07-24,108976
2020-07-25,109076
2020-07-26,109175
2020-07-27,109153
2020-07-28,109089
2020-07-29,109168
2020-07-30,109267
2020-07-31,109223
2020-08-01,109065
2020-08-02,108912
2020-08-03,108640
2020-08-04,108903
2020-08-05,109025
2020-08-06,109050
2020-08-07,108990
2020-08-08,108990
2020-08-09,109054
2020-08-10,109000
2020-08-11,109026
2020-08-12,109029
2020-08-13,109174
2020-08-14,109124
2020-08-15,109151
2020-08-16,109111
2020-08-17,109065
2020-08-18,109045
2020-08-19,109055
2020-08-20,109042
2020-08-21,109099
2020-08-22,109099
2020-08-23,109079
2020-08-24,109062
2020-08-25,109089
2020-08-26,109047
2020-08-27,108921
2020-08-28,108844
2020-08-29,108801
2020-08-30,108801
2020-08-31,108978
2020-09-01,109001
2020-09-02,109035
2020-09-03,108860
2020-09-04,108833
2020-09-05,108828
2020-09-06,108808
2020-09-07,108825
2020-09-08,108832
2020-09-09,108795
2020-09-10,108810
2020-09-11,108810
2020-09-12,108810
2020-09-13,108804
2020-09-14,108823
2020-09-15,108877
2020-09-16,108851
2020-09-17,108840
2020-09-18,108815
2020-09-19,108810
2020-09-20,108834
2020-09-21,108813
2020-09-22,108813
2020-09-23,108780
2020-09-24,108824
2020-09-25,108824
2020-09-26,108835
2020-09-27,108804
2020-09-28,108813
2020-09-29,108802
2020-09-30,108765
2020-10-01,108644
2020-10-02,108646
2020-10-03,108646
2020-10-04,108627
2020-10-05,108709
2020-10-06,108709
2020-10-07,108609
2020-10-08,108553
2020-10-09,108547
2020-10-10,108547
2020-10-11,108554
2020-10-12,108607
2020-10-13,108727
2020-10-14,108714
2020-10-15,108670
2020-10-16,108688
2020-10-17,108721
2020-10-18,108773
2020-10-19,108697
2020-10-20,108697
2020-10-21,108730
2020-10-22,108690
2020-10-23,108690
2020-10-24,108679
2020-10-25,108653
2020-10-26,108635
2020-10-27,108662
2020-10-28,108625
2020-10-29,108691
2020-10-30,108658
2020-10-31,108662
2020-11-01,108662
2020-11-02,108807
2020-11-03,108825
2020-11-04,108751
2020-11-05,108718
2020-11-06,108738
2020-11-07,108694
2020-11-08,108714
2020-11-09,108560
2020-11-10,108561
2020-11-11,108561
2020-11-12,108515
2020-11-13,108428
2020-11-14,108525
2020-11-15,108509
2020-11-16,108585
2020-11-17,108585
2020-11-18,108585
2020-11-19,108604
2020-11-20,108670
2020-11-21,108696
2020-11-22,108725
2020-11-23,108675
2020-11-24,108675
2020-11-25,108669
2020-11-26,108675
2020-11-27,108714
2020-11-28,108056
2020-11-29,108715
2020-11-30,108728
2020-12-01,108709
2020-12-02,108781
2020-12-03,108755
2020-12-04,108842
2020-12-05,108842
2020-12-06,108770
2020-12-07,108804
2020-12-08,108787
2020-12-09,108712
2020-12-10,108585
2020-12-11,108513
2020-12-12,108583
2020-12-13,108649
2020-12-14,108629
2020-12-15,108699
2020-12-16,108683
2020-12-17,108717
2020-12-18,108797
2020-12-19,108753
2020-12-20,108766
2020-12-21,108791
2020-12-22,108838
2020-12-23,108743
2020-12-24,108831
2020-12-25,108826
2020-12-26,108826
2020-12-27,108857
2020-12-28,108903
2020-12-29,108868
2020-12-30,108829
2020-12-31,108829
2021-01-01,108943
2021-01-02,108976
2021-01-03,108976
2021-01-04,108931
2021-01-05,108887
2021-01-06,108907
2021-01-07,108950
2021-01-08,108990
2021-01-09,108990
2021-01-10,108990
2021-01-11,109025
2021-01-12,108944
2021-01-13,108950
2021-01-14,108978
2021-01-15,108964
2021-01-16,108937
2021-01-17,108843
2021-01-18,108877
2021-01-19,108890
2021-01-20,109024
2021-01-21,109195
2021-01-22,109257
2021-01-23,109314
2021-01-24,109296
2021-01-25,109357
2021-01-26,109368
2021-01-27,109344
2021-01-28,109311
2021-01-29,109324
2021-01-30,109357
2021-01-31,109357
2021-02-01,109364
2021-02-02,109299
2021-02-03,109292
2021-02-04,109292
2021-02-05,109255
2021-02-06,109299
2021-02-07,109299
2021-02-08,109268
2021-02-09,109201
2021-02-10,109245
2021-02-11,109261
2021-02-12,109256
2021-02-13,109302
2021-02-14,109302
2021-02-15,109302
2021-02-16,109223
2021-02-17,109319
2021-02-18,109298
2021-02-19,109325
2021-02-20,109338
2021-02-21,109338
2021-02-22,109378
2021-02-23,109385
2021-02-24,109392
2021-02-25,109378
2021-02-26,109365
2021-02-27,109339
2021-02-28,109359
2021-03-01,109372
2021-03-02,109389
2021-03-03,109389
2021-03-04,109389
2021-03-05,109370
2021-03-06,109370
2021-03-07,109310
2021-03-08,109239
2021-03-09,109246
2021-03-10,109312
2021-03-11,109329
2021-03-12,109293
2021-03-13,109381
2021-03-14,109405
2021-03-15,109428
2021-03-16,109292
2021-03-17,109285
2021-03-18,109315
2021-03-19,109355
2021-03-20,109345
2021-03-21,109395
2021-03-22,109446
2021-03-23,109327
2021-03-24,109327
2021-03-25,109367
2021-03-26,109340
2021-03-27,109367
2021-03-28,109524
2021-03-29,109443
2021-03-30,109450
2021-03-31,109476
2021-04-01,109231
2021-04-02,109237
2021-04-03,109244
2021-04-04,109361
2021-04-05,109292
2021-04-06,109336
2021-04-07,109329
2021-04-08,109329
2021-04-09,109524
2021-04-10,109577
2021-04-11,109601
2021-04-12,109799
2021-04-13,109720
2021-04-14,109920
2021-04-15,109977
2021-04-16,109970
2021-04-17,109974
2021-04-18,110053
2021-04-19,109949
2021-04-20,109916
2021-04-21,109909
2021-04-22,109997
2021-04-23,109955
2021-04-24,110133
2021-04-25,110021
2021-04-26,110093
2021-04-27,110205
2021-04-28,110246
2021-04-29,110358
2021-04-30,110327
2021-05-01,110257
2021-05-02,110231
2021-05-03,110698
2021-05-04,110921
2021-05-05,110900
2021-05-06,110909
2021-05-07,110920
2021-05-08,111552
2021-05-09,111977
2021-05-10,112587
2021-05-11,114763
2021-05-12,116627
2021-05-13,116464
2021-05-14,116292
2021-05-15,115994
2021-05-16,115796
2021-05-17,114549
2021-05-18,114299
2021-05-19,113768
2021-05-20,113145
2021-05-21,112746
2021-05-22,112667
2021-05-23,112509
2021-05-24,112178
2021-05-25,111947
2021-05-26,111879
2021-05-27,111605
2021-05-28,111460
2021-05-29,111460
2021-05-30,111063
2021-05-31,111140
2021-06-01,110846
2021-06-02,110846
2021-06-03,110912
2021-06-04,110892
2021-06-05,110760
2021-06-06,110668
2021-06-07,110482
2021-06-08,110482
2021-06-09,110495
2021-06-10,110657
2021-06-11,110652
2021-06-12,110715
2021-06-13,110719
2021-06-14,110585
2021-06-15,110546
2021-06-16,110489
2021-06-17,110467
2021-06-18,110519
2021-06-19,110549
2021-06-20,110586
2021-06-21,110477
2021-06-22,110450
2021-06-23,110396
2021-06-24,110419
2021-06-25,110427
2021-06-26,110378
2021-06-27,110495
2021-06-28,110390
2021-06-29,110513
2021-06-30,110482
2021-07-01,110377
2021-07-02,110364
2021-07-03,110417
2021-07-04,110289
2021-07-05,110421
2021-07-06,110431
2021-07-07,110419
2021-07-08,110419
2021-07-09,110416
2021-07-10,110413
2021-07-11,110397
2021-07-12,110507
2021-07-13,110573
2021-07-14,110516
2021-07-15,110526
2021-07-16,110507
2021-07-17,110572
2021-07-18,110763
2021-07-19,111153
2021-07-20,111068
2021-07-21,110834
2021-07-22,110792
2021-07-23,110767
2021-07-24,110620
2021-07-25,110617
2021-07-26,110418
2021-07-27,110494
2021-07-28,110484
2021-07-29,110475
2021-07-30,110482
2021-07-31,110489
2021-08-01,110449
2021-08-02,110480
2021-08-03,110550
2021-08-04,110620
2021-08-05,110620
2021-08-06,110548
2021-08-07,110614
2021-08-08,110557
2021-08-09,110607
2021-08-10,110614
2021-08-11,110560
2021-08-12,110604
2021-08-13,110563
2021-08-14,110563
2021-08-15,110539
2021-08-16,110629
2021-08-17,110592
2021-08-18,110506
2021-08-19,110559
2021-08-20,110529
2021-08-21,110526
2021-08-22,110572
2021-08-23,110471
2021-08-24,110471
2021-08-25,110368
2021-08-26,110256
2021-08-27,110425
2021-08-28,110418
2021-08-29,110418
2021-08-30,110432
2021-08-31,110412
2021-09-01,110425
2021-09-02,110425
2021-09-03,110425
2021-09-04,110350
2021-09-05,110245
2021-09-06,116245
2021-09-07,116245
2021-09-08,110331
2021-09-09,110361
2021-09-10,110355
2021-09-11,110361
2021-09-12,110345
2021-09-13,110322
2021-09-14,110335
2021-09-15,110304
2021-09-16,110239
2021-09-17,110191
2021-09-18,110241
2021-09-19,110238
2021-09-20,110382
2021-09-21,110425
2021-09-22,110415
2021-09-23,110409
2021-09-24,110409
2021-09-25,110435
2021-09-26,109821
2021-09-27,108959
2021-09-28,109814
2021-09-29,109847
2021-09-30,109768
2021-10-01,118579
2021-10-02,109875
2021-10-03,110437
2021-10-04,109602
2021-10-05,109921
2021-10-06,109772
2021-10-07,109783
2021-10-08,110377
2021-10-09,110383
2021-10-10,110344
2021-10-11,108910
2021-10-12,108966
2021-10-13,108946
2021-10-14,108990
2021-10-15,109049
2021-10-16,109049
2021-10-17,109052
2021-10-18,108466
2021-10-19,108470
2021-10-20,109012
2021-10-21,109012
2021-10-22,109012
2021-10-23,109025
2021-10-24,110473
2021-10-25,110578
2021-10-26,110561
2021-10-27,110574
2021-10-28,110497
2021-10-29,110478
2021-10-30,110478
2021-10-31,110451
2021-11-01,110445
2021-11-02,110510
2021-11-03,110414
2021-11-04,110434
2021-11-05,110477
2021-11-06,110595
2021-11-07,110595
2021-11-08,110648
2021-11-09,110679
2021-11-10,110666
2021-11-11,110635
2021-11-12,110700
2021-11-13,110694
2021-11-14,110782
2021-11-15,110785
2021-11-16,110791
2021-11-17,110712
2021-11-18,110729
2021-11-19,110742
2021-11-20,110729
2021-11-21,110689
2021-11-22,110663
2021-11-23,110716
2021-11-24,110709
2021-11-25,110729
2021-11-26,110729
2021-11-27,110836
2021-11-28,110842
2021-11-29,110855
2021-11-30,110879
2021-12-01,110892
2021-12-02,110859
2021-12-03,110872
2021-12-04,110953
2021-12-05,110888
2021-12-06,110843
2021-12-07,110907
2021-12-08,110901
2021-12-09,110914
2021-12-10,110960
2021-12-11,110973
2021-12-12,110980
2021-12-13,110930
2021-12-14,110723
2021-12-15,110746
2021-12-16,110878
2021-12-17,110871
2021-12-18,110858
2021-12-19,110871
2021-12-20,110976
2021-12-21,111023
2021-12-22,111041
2021-12-23,111092
2021-12-24,111177
2021-12-25,109476
2021-12-26,110335
2021-12-27,110315
2021-12-28,110376
2021-12-29,110207
2021-12-30,109305
2021-12-31,109380
2022-01-01,110293
2022-01-02,110293
2022-01-03,110492
2022-01-04,110445
2022-01-05,110710
2022-01-06,110723
2022-01-07,111300
2022-01-08,111297
2022-01-09,111263
2022-01-10,111218
2022-01-11,111209
2022-01-12,111219
2022-01-13,111536
2022-01-14,111536
2022-01-15,111736
2022-01-16,111715
2022-01-17,111724
2022-01-18,111531
2022-01-19,111603
2022-01-20,111534
2022-01-21,111677
2022-01-22,111909
2022-01-23,111875
2022-01-24,111850
2022-01-25,111738
2022-01-26,111828
2022-01-27,111709
2022-01-28,111799
2022-01-29,111766
2022-01-30,111753
2022-01-31,111630
2022-02-01,111570
2022-02-02,111617
2022-02-03,111725
2022-02-04,111745
2022-02-05,111809
2022-02-06,111907
2022-02-07,111923
2022-02-08,111927
2022-02-09,111999
2022-02-10,111892
2022-02-11,111927
2022-02-12,111927
2022-02-13,111850
2022-02-14,111965
2022-02-15,111952
2022-02-16,111998
2022-02-17,112008
2022-02-18,112031
2022-02-19,112064
2022-02-20,112015
2022-02-21,111989
2022-02-22,112008
2022-02-23,111864
2022-02-24,111883
2022-02-25,112167
2022-02-26,112160
2022-02-27,112250
2022-02-28,112349
2022-03-01,112794
2022-03-02,112682
2022-03-03,112877
2022-03-04,112838
2022-03-05,112839
2022-03-06,113041
2022-03-07,113327
2022-03-08,113469
2022-03-09,113497
2022-03-10,113429
2022-03-11,113361
2022-03-12,113324
2022-03-13,113357
2022-03-14,113234
2022-03-15,113298
2022-03-16,113258
2022-03-17,113263
2022-03-18,113366
2022-03-19,113385
2022-03-20,113327
2022-03-21,113568
2022-03-22,113623
2022-03-23,113662
2022-03-24,113929
2022-03-25,114065
2022-03-26,114077
2022-03-27,114038
2022-03-28,113826
2022-03-29,113616
2022-03-30,113691
2022-03-31,113792
2022-04-01,114044
2022-04-02,114110
2022-04-03,114051
2022-04-04,114686
2022-04-05,114716
2022-04-06,114897
2022-04-07,114582
2022-04-08,114639
2022-04-09,114625
2022-04-10,114737
2022-04-11,114715
2022-04-12,114705
2022-04-13,114726
2022-04-14,114961
2022-04-15,115000
2022-04-16,115149
2022-04-17,115110
2022-04-18,115231
2022-04-19,115580
2022-04-20,115549
2022-04-21,115744
2022-04-22,116085
2022-04-23,116252
2022-04-24,116615
2022-04-25,117010
2022-04-26,117876
2022-04-27,118291
2022-04-28,118874
2022-04-29,120517
2022-04-30,122033
2022-05-01,124724
2022-05-02,124753
2022-05-03,124926
2022-05-04,124534
2022-05-05,124665
2022-05-06,125228
2022-05-07,124767
2022-05-08,124647
2022-05-09,121679
2022-05-10,120626
2022-05-11,120144
2022-05-12,119947
2022-05-13,119320
2022-05-14,119072
2022-05-15,118868
2022-05-16,118993
2022-05-17,118210
2022-05-18,118028
2022-05-19,117967
2022-05-20,117888
2022-05-21,117868
2022-05-22,117603
2022-05-23,117649
2022-05-24,117627
2022-05-25,117539
2022-05-26,117554
2022-05-27,117515
2022-05-28,117524
2022-05-29,117517
2022-05-30,117656
2022-05-31,117407
2022-06-01,117414
2022-06-02,117508
2022-06-03,117567
2022-06-04,117587
2022-06-05,117611
2022-06-06,117370
2022-06-07,117458
2022-06-08,117403
2022-06-09,117506
2022-06-10,117288
2022-06-11,117003
2022-06-12,116930
2022-06-13,116312
2022-06-14,115992
2022-06-15,116141
2022-06-16,116244
2022-06-17,116037
2022-06-18,116155
2022-06-19,116111
2022-06-20,115938
2022-06-21,115412
2022-06-22,115219
2022-06-23,115096
2022-06-24,114848
2022-06-25,114966
2022-06-26,114973
2022-06-27,114576
2022-06-28,114392
2022-06-29,114515
2022-06-30,114507
2022-07-01,114562
2022-07-02,114781
2022-07-03,115005
2022-07-04,114729
2022-07-05,114372
2022-07-06,114346
2022-07-07,114427
2022-07-08,114403
2022-07-09,114499
2022-07-10,114236
2022-07-11,114164
2022-07-12,113858
2022-07-13,114058
2022-07-14,114130
2022-07-15,114081
2022-07-16,114063
2022-07-17,114122
2022-07-18,114049
2022-07-19,114075
2022-07-20,114030
2022-07-21,114037
2022-07-22,114037
2022-07-23,114063
2022-07-24,114086
2022-07-25,114103
2022-07-26,114184
2022-07-27,114180
2022-07-28,114163
2022-07-29,114163
2022-07-30,114274
2022-07-31,114261
2022-08-01,114103
2022-08-02,114223
2022-08-03,114004
2022-08-04,113939
2022-08-05,113835
2022-08-06,113872
2022-08-07,113866
2022-08-08,113984
2022-08-09,114214
2022-08-10,113978
2022-08-11,113989
2022-08-12,113972
2022-08-13,114253
2022-08-14,114253
2022-08-15,114249
2022-08-16,114258
2022-08-17,114265
2022-08-18,114291
2022-08-19,114265
2022-08-20,114278
2022-08-21,114288
2022-08-22,114348
2022-08-23,114384
2022-08-24,114432
2022-08-25,114379
2022-08-26,114458
2022-08-27,114458
2022-08-28,114458
2022-08-29,114192
2022-08-30,114353
2022-08-31,114494
2022-09-01,114401
2022-09-02,114482
2022-09-03,114475
2022-09-04,114576
2022-09-05,114563
2022-09-06,114640
2022-09-07,114627
2022-09-08,114765
2022-09-09,114667
2022-09-10,114711
2022-09-11,114705
2022-09-12,114719
2022-09-13,114725
2022-09-14,114760
2022-09-15,114754
2022-09-16,114747
2022-09-17,114703
2022-09-18,114697
2022-09-19,114633
2022-09-20,114638
2022-09-21,114765
2022-09-22,114804
2022-09-23,114934
2022-09-24,114903
2022-09-25,114854
2022-09-26,114839
2022-09-27,114859
2022-09-28,114782
2022-09-29,114809
2022-09-30,114809
2022-10-01,114719
2022-10-02,114706
2022-10-03,114728
2022-10-04,114748
2022-10-05,114806
2022-10-06,114850
2022-10-07,114861
2022-10-08,114861
2022-10-09,114907
2022-10-10,114982
2022-10-11,114955
2022-10-12,114873
2022-10-13,114899
2022-10-14,114653
2022-10-15,114684
2022-10-16,114684
2022-10-17,114540
2022-10-18,114518
2022-10-19,114629
2022-10-20,114656
2022-10-21,114613
2022-10-22,114638
2022-10-23,114612
2022-10-24,114678
2022-10-25,114763
2022-10-26,114744
2022-10-27,114805
2022-10-28,114648
2022-10-29,114744
2022-10-30,114797
2022-10-31,114724
2022-11-01,114601
2022-11-02,114645
2022-11-03,114608
2022-11-04,114673
2022-11-05,114647
2022-11-06,114647
2022-11-07,114711
2022-11-08,114667
2022-11-09,114647
2022-11-10,114601
2022-11-11,114691
2022-11-12,114691
2022-11-13,114698
2022-11-14,114744
2022-11-15,114736
2022-11-16,114736
2022-11-17,114844
2022-11-18,114818
2022-11-19,114821
2022-11-20,114828
2022-11-21,114790
2022-11-22,114703
2022-11-23,114665
2022-11-24,114618
2022-11-25,114568
2022-11-26,114527
2022-11-27,114560
2022-11-28,114402
2022-11-29,114494
2022-11-30,114494
2022-12-01,114762
2022-12-02,114727
2022-12-03,114731
2022-12-04,114692
2022-12-05,114738
2022-12-06,114660
2022-12-07,114704
2022-12-08,114662
2022-12-09,114722
2022-12-10,114876
2022-12-11,115029
2022-12-12,115008
2022-12-13,114951
2022-12-14,115067
2022-12-15,115115
2022-12-16,115115
2022-12-17,115036
2022-12-18,115095
2022-12-19,115157
2022-12-20,115204
2022-12-21,115226
2022-12-22,115226
2022-12-23,115226
2022-12-24,115126
2022-12-25,115203
2022-12-26,115249
2022-12-27,115194
2022-12-28,114907
2022-12-29,115226
2022-12-30,115160
2022-12-31,115183
2023-01-01,115293
2023-01-02,115128
2023-01-03,115040
2023-01-04,115055
2023-01-05,115167
2023-01-06,115163
2023-01-07,115120
2023-01-08,114185
2023-01-09,114081
2023-01-10,114042
2023-01-11,113441
2023-01-12,113428
2023-01-13,113420
2023-01-14,113460
2023-01-15,113464
2023-01-16,114296
2023-01-17,114855
2023-01-18,114899
2023-01-19,114882
2023-01-20,114926
2023-01-21,115016
2023-01-22,115016
2023-01-23,115056
2023-01-24,115081
2023-01-25,114988
2023-01-26,114812
2023-01-27,114765
2023-01-28,114685
2023-01-29,114751
2023-01-30,114714
2023-01-31,114714
2023-02-01,114714
2023-02-02,114728
2023-02-03,114732
2023-02-04,114775
2023-02-05,114775
2023-02-06,114743
2023-02-07,114874
2023-02-08,114874
2023-02-09,114874
2023-02-10,114868
2023-02-11,114849
2023-02-12,114915
2023-02-13,114695
2023-02-14,114695
2023-02-15,114702
2023-02-16,114752
2023-02-17,114873
2023-02-18,114893
2023-02-19,114893
2023-02-20,114937
2023-02-21,114917
2023-02-22,114870
2023-02-23,114808
2023-02-24,114785
2023-02-25,114805
2023-02-26,114805
2023-02-27,114838
2023-02-28,114882
2023-03-01,114927
2023-03-02,114971
2023-03-03,114927
2023-03-04,114923
2023-03-05,114923
2023-03-06,114950
2023-03-07,114935
2023-03-08,114925
2023-03-09,114906
2023-03-10,115140
2023-03-11,115184
2023-03-12,115139
2023-03-13,115333
2023-03-14,115293
2023-03-15,115249
2023-03-16,115249
2023-03-17,115293
2023-03-18,115215
2023-03-19,115220
2023-03-20,115299
2023-03-21,115308
2023-03-22,115374
2023-03-23,115374
2023-03-24,115330
2023-03-25,115396
2023-03-26,115365
2023-03-27,115281
2023-03-28,115256
2023-03-29,115297
2023-03-30,115409
2023-03-31,115369
2023-04-01,115433
2023-04-02,115420
2023-04-03,115350
2023-04-04,115330
2023-04-05,115374
2023-04-06,115407
2023-04-07,115410
2023-04-08,115511
2023-04-09,115465
2023-04-10,115404
2023-04-11,115394
2023-04-12,115350
2023-04-13,115435
2023-04-14,115540
2023-04-15,115670
2023-04-16,115995
2023-04-17,116556
2023-04-18,117758
2023-04-19,118544
2023-04-20,120589
2023-04-21,121128
2023-04-22,121209
2023-04-23,121209
2023-04-24,120935
2023-04-25,120505
2023-04-26,119811
2023-04-27,119115
2023-04-28,119044
2023-04-29,118645
2023-04-30,118531
2023-05-01,118282
2023-05-02,117857
2023-05-03,117817
2023-05-04,117680
2023-05-05,117398
2023-05-06,117105
2023-05-07,117135
2023-05-08,117012
2023-05-09,117023
2023-05-10,116970
2023-05-11,116945
2023-05-12,116939
2023-05-13,116954
2023-05-14,116921
2023-05-15,116793
2023-05-16,116661
2023-05-17,116661
2023-05-18,116620
2023-05-19,116595
2023-05-20,116595
2023-05-21,116592
2023-05-22,116722
2023-05-23,116766
2023-05-24,116755
2023-05-25,116711
2023-05-26,116725
2023-05-27,116692
2023-05-28,116626
2023-05-29,116648
2023-05-30,116659
2023-05-31,116659
2023-06-01,116682
2023-06-02,116682
2023-06-03,116590
2023-06-04,116590
2023-06-05,116521
2023-06-06,116374
2023-06-07,116209
2023-06-08,116400
2023-06-09,116400
2023-06-10,116419
2023-06-11,116287
2023-06-12,116488
2023-06-13,116494
2023-06-14,116407
2023-06-15,116407
2023-06-16,116403
2023-06-17,116360
2023-06-18,116396
2023-06-19,116399
2023-06-20,116426
2023-06-21,116689
2023-06-22,116692
2023-06-23,116672
2023-06-24,116703
2023-06-25,116706
2023-06-26,116700
2023-06-27,116693
2023-06-28,116820
2023-06-29,116794
2023-06-30,116706
2023-07-01,116645
2023-07-02,116645
2023-07-03,116251
2023-07-04,116120
2023-07-05,116116
2023-07-06,116081
2023-07-07,116216
2023-07-08,116304
2023-07-09,116307
2023-07-10,116428
2023-07-11,116359
2023-07-12,116359
2023-07-13,116388
2023-07-14,116388
2023-07-15,116470
2023-07-16,116470
2023-07-17,116473
2023-07-18,116473
2023-07-19,116476
2023-07-20,116476
2023-07-21,116432
2023-07-22,116432
2023-07-23,116459
2023-07-24,116279
2023-07-25,116349
2023-07-26,116457
2023-07-27,116461
2023-07-28,116461
2023-07-29,116461
2023-07-30,116457
2023-07-31,116374
2023-08-01,116443
2023-08-02,116453
2023-08-03,116408
2023-08-04,116364
2023-08-05,116309
2023-08-06,116309
2023-08-07,116265
2023-08-08,116323
2023-08-09,116320
2023-08-10,116371
2023-08-11,116418
2023-08-12,116418
2023-08-13,116459
2023-08-14,116510
2023-08-15,116563
2023-08-16,116530
2023-08-17,116490
2023-08-18,116533
2023-08-19,116530
2023-08-20,116530
2023-08-21,116645
2023-08-22,116557
2023-08-23,116510
2023-08-24,116510
2023-08-25,116453
2023-08-26,116453
2023-08-27,116453
2023-08-28,116304
2023-08-29,116317
2023-08-30,116350
2023-08-31,116350
2023-09-01,116350
2023-09-02,116363
2023-09-03,116453
2023-09-04,116472
2023-09-05,116472
2023-09-06,116487
2023-09-07,116465
2023-09-08,116460
2023-09-09,116509
2023-09-10,116463
2023-09-11,116506
2023-09-12,116525
2023-09-13,116539
2023-09-14,116495
2023-09-15,116451
2023-09-16,116438
2023-09-17,116464
2023-09-18,116413
2023-09-19,116435
2023-09-20,116485
2023-09-21,116441
2023-09-22,116428
2023-09-23,116428
2023-09-24,116384
2023-09-25,116355
2023-09-26,116399
2023-09-27,116597
2023-09-28,116597
2023-09-29,116597
2023-09-30,116630
2023-10-01,116630
2023-10-02,116630
2023-10-03,116577
2023-10-04,116598
2023-10-05,116497
2023-10-06,116519
2023-10-07,116410
2023-10-08,116410
2023-10-09,116554
2023-10-10,116554
2023-10-11,116466
2023-10-12,116508
2023-10-13,116565
2023-10-14,116631
2023-10-15,116637
2023-10-16,116703
2023-10-17,116637
2023-10-18,116637
2023-10-19,116637
2023-10-20,116769
2023-10-21,116762
2023-10-22,116717
2023-10-23,116745
2023-10-24,116628
2023-10-25,116613
2023-10-26,116613
2023-10-27,116614
2023-10-28,116658
2023-10-29,116658
2023-10-30,116680
2023-10-31,116657
2023-11-01,116657
2023-11-02,116657
2023-11-03,116701
2023-11-04,116613
2023-11-05,116613
2023-11-06,116736
2023-11-07,116867
2023-11-08,116823
2023-11-09,116823
2023-11-10,116757
2023-11-11,116757
2023-11-12,116801
2023-11-13,116867
2023-11-14,116868
2023-11-15,116853
2023-11-16,116841
2023-11-17,116841
2023-11-18,116844
2023-11-19,116797
2023-11-20,116841
2023-11-21,116841
2023-11-22,116800
2023-11-23,116783
2023-11-24,116782
2023-11-25,116825
2023-11-26,116869
2023-11-27,116869
2023-11-28,116869
2023-11-29,116869
2023-11-30,116837
2023-12-01,116774
2023-12-02,116781
2023-12-03,116781
2023-12-04,116847
2023-12-05,116845
2023-12-06,116812
2023-12-07,116774
2023-12-08,116774
2023-12-09,116702
2023-12-10,116759
2023-12-11,116755
2023-12-12,116773
2023-12-13,116760
2023-12-14,116760
2023-12-15,116805
2023-12-16,116812
2023-12-17,116812
2023-12-18,116869
2023-12-19,116866
2023-12-20,116866
2023-12-21,116822
2023-12-22,116822
2023-12-23,116866
2023-12-24,116873
2023-12-25,116873
2023-12-26,116917
2023-12-27,116917
2023-12-28,116856
2023-12-29,116769
2023-12-30,116751
2023-12-31,116813
2024-01-01,116856
2024-01-02,116839
2024-01-03,116812
2024-01-04,116779
2024-01-05,116727
2024-01-06,116770
2024-01-07,116770
2024-01-08,116727
2024-01-09,116727
2024-01-10,116694
2024-01-11,116650
2024-01-12,116632
2024-01-13,116634
2024-01-14,116684
2024-01-15,116717
2024-01-16,116761
2024-01-17,116754
2024-01-18,116677
2024-01-19,116655
2024-01-20,116655
2024-01-21,116594
2024-01-22,116593
2024-01-23,116626
2024-01-24,116539
2024-01-25,116506
2024-01-26,116506
2024-01-27,116425
2024-01-28,116495
2024-01-29,116513
2024-01-30,116533
2024-01-31,116533
2024-02-01,116533
2024-02-02,116539
2024-02-03,116511
2024-02-04,116467
2024-02-05,116452
2024-02-06,116541
2024-02-07,116716
2024-02-08,116710
2024-02-09,116701
2024-02-10,116701
2024-02-11,116718
2024-02-12,116543
2024-02-13,116576
2024-02-14,116583
2024-02-15,116627
2024-02-16,116473
2024-02-17,116511
2024-02-18,116379
2024-02-19,116423
2024-02-20,116319
2024-02-21,116199
2024-02-22,116150
2024-02-23,116090
2024-02-24,116368
2024-02-25,116368
2024-02-26,116375
2024-02-27,116463
2024-02-28,116574
2024-02-29,116540
2024-03-01,116600
2024-03-02,116644
2024-03-03,116712
2024-03-04,116780
2024-03-05,116780
2024-03-06,116824
2024-03-07,116824
2024-03-08,117026
2024-03-09,116938
2024-03-10,117020
2024-03-11,117020
2024-03-12,117175
2024-03-13,117050
2024-03-14,117158
2024-03-15,117316
2024-03-16,117261
2024-03-17,117202
2024-03-18,117169
2024-03-19,117054
2024-03-20,117087
2024-03-21,117077
2024-03-22,117134
2024-03-23,117101
2024-03-24,117085
2024-03-25,116844
2024-03-26,116888
2024-03-27,116915
2024-03-28,117007
2024-03-29,116934
2024-03-30,117015
2024-03-31,117168
2024-04-01,117484
2024-04-02,117707
2024-04-03,117713
2024-04-04,117165
2024-04-05,117391
2024-04-06,117939
2024-04-07,118659
2024-04-08,120658
2024-04-09,122281
2024-04-10,122167
2024-04-11,121995
2024-04-12,122077
2024-04-13,121507
2024-04-14,121354
2024-04-15,121108
2024-04-16,120461
2024-04-17,120061
2024-04-18,119671
2024-04-19,119178
2024-04-20,119075
2024-04-21,118860
2024-04-22,119124
2024-04-23,118826
2024-04-24,118897
2024-04-25,118897
2024-04-26,118887
2024-04-27,118744
2024-04-28,118757
2024-04-29,118876
2024-04-30,118871
2024-05-01,118735
2024-05-02,118640
2024-05-03,118508
2024-05-04,118516
2024-05-05,118483
2024-05-06,118623
2024-05-07,118535
2024-05-08,118459
2024-05-09,118551
2024-05-10,118610
2024-05-11,118706
2024-05-12,118772
2024-05-13,118768
2024-05-14,118531
2024-05-15,118487
2024-05-16,118063
2024-05-17,118003
2024-05-18,117957
2024-05-19,118187
2024-05-20,117946
2024-05-21,117872
2024-05-22,117903
2024-05-23,117881
2024-05-24,117912
2024-05-25,117912
2024-05-26,117955
2024-05-27,118072
2024-05-28,118162
2024-05-29,118027
2024-05-30,117930
2024-05-31,117930
2024-06-01,118005
2024-06-02,118005
2024-06-03,117960
2024-06-04,117946
2024-06-05,117811
2024-06-06,117792
2024-06-07,117941
2024-06-08,117828
2024-06-09,117835
2024-06-10,118111
2024-06-11,117980
2024-06-12,118095
2024-06-13,118112
2024-06-14,118046
2024-06-15,118046
2024-06-16,117906
2024-06-17,117862
2024-06-18,118020
2024-06-19,118025
2024-06-20,117885
2024-06-21,117709
2024-06-22,117570
2024-06-23,117518
2024-06-24,117829
2024-06-25,117786
2024-06-26,117661
2024-06-27,117617
2024-06-28,117464
2024-06-29,117369
2024-06-30,117567
2024-07-01,117637
2024-07-02,117523
2024-07-03,117287
2024-07-04,117346
2024-07-05,117346
2024-07-06,117397
2024-07-07,117397
2024-07-08,117112
2024-07-09,117156
2024-07-10,117170
2024-07-11,117194
2024-07-12,117194
2024-07-13,117172
2024-07-14,117244
2024-07-15,117279
2024-07-16,117258
2024-07-17,117323
2024-07-18,117195
2024-07-19,117239
2024-07-20,117246
2024-07-21,117356
2024-07-22,117202
2024-07-23,117233
2024-07-24,117303
2024-07-25,117299
2024-07-26,117292
2024-07-27,117290
2024-07-28,117443
2024-07-29,117334
2024-07-30,117273
2024-07-31,117273
2024-08-01,117199
2024-08-02,117243
2024-08-03,117151
2024-08-04,117194
2024-08-05,117023
2024-08-06,117072
2024-08-07,117098
2024-08-08,117098
2024-08-09,117080
2024-08-10,117244
2024-08-11,117201
2024-08-12,117150
2024-08-13,117194
2024-08-14,117138
2024-08-15,117150
2024-08-16,117099
2024-08-17,117034
2024-08-18,117077
2024-08-19,117171
2024-08-20,117127
2024-08-21,117193
2024-08-22,117206
2024-08-23,117206
2024-08-24,117342
2024-08-25,117316
2024-08-26,117230
2024-08-27,117094
2024-08-28,117028
2024-08-29,116941
2024-08-30,117051
2024-08-31,117127
2024-09-01,117090
2024-09-02,116978
2024-09-03,116978
2024-09-04,116884
2024-09-05,117016
2024-09-06,117051
2024-09-07,117198
2024-09-08,117247
2024-09-09,117000
2024-09-10,117019
2024-09-11,117093
2024-09-12,117084
2024-09-13,116977
2024-09-14,116977
2024-09-15,117165
2024-09-16,117218
2024-09-17,117376
2024-09-18,117332
2024-09-19,117325
2024-09-20,117342
2024-09-21,117256
2024-09-22,117221
2024-09-23,117262
2024-09-24,117262
2024-09-25,117431
2024-09-26,117472
2024-09-27,117475
2024-09-28,117508
2024-09-29,117514
2024-09-30,117427
2024-10-01,117565
2024-10-02,117564
2024-10-03,117481
2024-10-04,117468
2024-10-05,117512
2024-10-06,117512
2024-10-07,117553
2024-10-08,117571
2024-10-09,117560
2024-10-10,117510
2024-10-11,117519
2024-10-12,117519
2024-10-13,117429
2024-10-14,117411
2024-10-15,117473
2024-10-16,117423
2024-10-17,117467
2024-10-18,117526
2024-10-19,117489
2024-10-20,117508
2024-10-21,117605
2024-10-22,117660
2024-10-23,117660
2024-10-24,117660
2024-10-25,117703
2024-10-26,117769
2024-10-27,117806
2024-10-28,117704
2024-10-29,117791
2024-10-30,117857
2024-10-31,117864
2024-11-01,117864
2024-11-02,117864
2024-11-03,117870
2024-11-04,117793
2024-11-05,117788
2024-11-06,117796
2024-11-07,117785
2024-11-08,117793
2024-11-09,117837
2024-11-10,117924
2024-11-11,117968
2024-11-12,117959
2024-11-13,118003
2024-11-14,118060
2024-11-15,117988
2024-11-16,117994
2024-11-17,117994
2024-11-18,117994
2024-11-19,118020
2024-11-20,118003
2024-11-21,118022
2024-11-22,118034
2024-11-23,118033
2024-11-24,118039
2024-11-25,118002
2024-11-26,117989
2024-11-27,117996
2024-11-28,118032
2024-11-29,117901
2024-11-30,117901
2024-12-01,117967
2024-12-02,117967
2024-12-03,117927
2024-12-04,117861
2024-12-05,117861
2024-12-06,117945
2024-12-07,117949
2024-12-08,118002
2024-12-09,118065
2024-12-10,118052
2024-12-11,118052
2024-12-12,118052
2024-12-13,117920
2024-12-14,117920
2024-12-15,117920
2024-12-16,117928
2024-12-17,117938
2024-12-18,117938
2024-12-19,117938
2024-12-20,117982
2024-12-21,118034
2024-12-22,118122
2024-12-23,118241
2024-12-24,118298
2024-12-25,118298
2024-12-26,118289
2024-12-27,118384
2024-12-28,118346
2024-12-29,118346
2024-12-30,118377
2024-12-31,118327
