Tanggal;Harga Bawang Merah 
2014-01-01;25376
2014-01-02;25328
2014-01-03;25355
2014-01-04;25312
2014-01-05;25231
2014-01-06;24691
2014-01-07;24352
2014-01-08;24518
2014-01-09;24271
2014-01-10;24106
2014-01-11;23722
2014-01-12;23674
2014-01-13;23014
2014-01-14;22888
2014-01-15;22926
2014-01-16;22377
2014-01-17;22303
2014-01-18;21927
2014-01-19;21868
2014-01-20;20522
2014-01-21;20588
2014-01-22;20394
2014-01-23;19973
2014-01-24;19700
2014-01-25;19556
2014-01-26;19559
2014-01-27;18906
2014-01-28;18171
2014-01-29;17752
2014-01-30;17826
2014-01-31;17616
2014-02-01;17524
2014-02-02;17560
2014-02-03;17108
2014-02-04;17023
2014-02-05;16805
2014-02-06;16473
2014-02-07;16196
2014-02-08;16171
2014-02-09;16294
2014-02-10;16250
2014-02-11;16252
2014-02-12;16180
2014-02-13;16044
2014-02-14;15983
2014-02-15;16015
2014-02-16;16156
2014-02-17;16161
2014-02-18;16202
2014-02-19;16174
2014-02-20;16149
2014-02-21;16158
2014-02-22;16301
2014-02-23;16437
2014-02-24;15737
2014-02-25;15723
2014-02-26;15697
2014-02-27;15830
2014-02-28;15906
2014-03-01;16008
2014-03-02;16158
2014-03-03;16682
2014-03-04;16939
2014-03-05;16660
2014-03-06;16762
2014-03-07;17015
2014-03-08;16927
2014-03-09;16941
2014-03-10;16804
2014-03-11;16817
2014-03-12;16850
2014-03-13;16846
2014-03-14;17014
2014-03-15;17114
2014-03-16;17176
2014-03-17;17432
2014-03-18;17551
2014-03-19;17480
2014-03-20;17554
2014-03-21;17659
2014-03-22;17666
2014-03-23;17583
2014-03-24;17486
2014-03-25;17802
2014-03-26;17396
2014-03-27;17266
2014-03-28;17341
2014-03-29;17316
2014-03-30;17296
2014-03-31;17046
2014-04-01;17529
2014-04-02;17437
2014-04-03;17307
2014-04-04;16990
2014-04-05;16990
2014-04-06;17003
2014-04-07;17107
2014-04-08;17051
2014-04-09;17055
2014-04-10;16871
2014-04-11;16864
2014-04-12;16914
2014-04-13;18193
2014-04-14;16737
2014-04-15;16736
2014-04-16;16998
2014-04-17;16739
2014-04-18;16819
2014-04-19;16667
2014-04-20;16689
2014-04-21;16607
2014-04-22;16507
2014-04-23;16230
2014-04-24;16083
2014-04-25;16290
2014-04-26;16252
2014-04-27;16301
2014-04-28;15828
2014-04-29;16003
2014-04-30;16058
2014-05-01;15968
2014-05-02;15879
2014-05-03;15717
2014-05-04;15822
2014-05-05;15829
2014-05-06;15921
2014-05-07;15904
2014-05-08;16034
2014-05-09;15878
2014-05-10;15912
2014-05-11;15811
2014-05-12;16015
2014-05-13;15844
2014-05-14;15745
2014-05-15;15686
2014-05-16;15831
2014-05-17;15758
2014-05-18;15753
2014-05-19;15683
2014-05-20;15998
2014-05-21;16100
2014-05-22;17737
2014-05-23;17738
2014-05-24;16236
2014-05-25;16305
2014-05-26;18681
2014-05-27;18528
2014-05-28;18583
2014-05-29;18741
2014-05-30;18732
2014-05-31;18934
2014-06-01;18916
2014-06-02;19203
2014-06-03;19248
2014-06-04;17963
2014-06-05;18242
2014-06-06;18141
2014-06-07;18129
2014-06-08;18164
2014-06-09;19401
2014-06-10;19764
2014-06-11;19956
2014-06-12;20435
2014-06-13;20428
2014-06-14;20195
2014-06-15;20248
2014-06-16;20760
2014-06-17;20850
2014-06-18;20952
2014-06-19;20916
2014-06-20;20739
2014-06-21;20555
2014-06-22;20550
2014-06-23;20810
2014-06-24;21042
2014-06-25;21003
2014-06-26;21086
2014-06-27;21103
2014-06-28;21002
2014-06-29;20967
2014-06-30;21130
2014-07-01;21021
2014-07-02;20968
2014-07-03;20795
2014-07-04;20630
2014-07-05;20464
2014-07-06;20272
2014-07-07;20332
2014-07-08;20139
2014-07-09;19943
2014-07-10;19694
2014-07-11;19637
2014-07-12;19587
2014-07-13;19483
2014-07-14;19354
2014-07-15;19233
2014-07-16;19283
2014-07-17;18934
2014-07-18;18841
2014-07-19;18732
2014-07-20;18685
2014-07-21;18669
2014-07-22;18634
2014-07-23;18520
2014-07-24;18614
2014-07-25;18447
2014-07-26;18650
2014-07-27;19068
2014-07-28;18839
2014-07-29;18886
2014-07-30;18827
2014-07-31;18427
2014-08-01;18374
2014-08-02;18167
2014-08-03;18086
2014-08-04;17785
2014-08-05;17470
2014-08-06;17468
2014-08-07;17473
2014-08-08;17406
2014-08-09;17392
2014-08-10;17320
2014-08-11;16762
2014-08-12;16450
2014-08-13;16292
2014-08-14;16126
2014-08-15;15970
2014-08-16;15699
2014-08-17;15675
2014-08-18;16141
2014-08-19;16127
2014-08-20;15662
2014-08-21;15662
2014-08-22;15310
2014-08-23;15187
2014-08-24;15023
2014-08-25;14396
2014-08-26;14317
2014-08-27;14003
2014-08-28;13647
2014-08-29;13505
2014-08-30;13404
2014-08-31;13300
2014-09-01;13096
2014-09-02;13141
2014-09-03;13161
2014-09-04;12962
2014-09-05;13001
2014-09-06;12983
2014-09-07;13014
2014-09-08;13208
2014-09-09;13388
2014-09-10;13373
2014-09-11;13447
2014-09-12;13261
2014-09-13;13215
2014-09-14;12787
2014-09-15;12897
2014-09-16;13081
2014-09-17;13100
2014-09-18;12994
2014-09-19;13144
2014-09-20;13027
2014-09-21;13131
2014-09-22;13294
2014-09-23;13326
2014-09-24;13310
2014-09-25;13234
2014-09-26;13305
2014-09-27;13292
2014-09-28;13264
2014-09-29;13441
2014-09-30;13404
2014-10-01;13376
2014-10-02;13369
2014-10-03;13463
2014-10-04;13537
2014-10-05;13535
2014-10-06;13575
2014-10-07;13646
2014-10-08;13487
2014-10-09;13645
2014-10-10;13687
2014-10-11;13713
2014-10-12;13697
2014-10-13;14063
2014-10-14;13965
2014-10-15;13988
2014-10-16;13926
2014-10-17;13850
2014-10-18;13845
2014-10-19;13832
2014-10-20;13846
2014-10-21;13920
2014-10-22;13852
2014-10-23;13943
2014-10-24;13916
2014-10-25;13844
2014-10-26;13916
2014-10-27;13928
2014-10-28;14052
2014-10-29;13947
2014-10-30;14019
2014-10-31;14044
2014-11-01;14130
2014-11-02;14119
2014-11-03;13926
2014-11-04;13870
2014-11-05;13986
2014-11-06;13929
2014-11-07;13857
2014-11-08;13782
2014-11-09;13728
2014-11-10;13642
2014-11-11;13728
2014-11-12;13680
2014-11-13;13679
2014-11-14;13553
2014-11-15;13575
2014-11-16;13512
2014-11-17;13512
2014-11-18;13678
2014-11-19;13662
2014-11-20;13584
2014-11-21;13539
2014-11-22;13408
2014-11-23;13475
2014-11-24;13542
2014-11-25;13563
2014-11-26;13629
2014-11-27;13656
2014-11-28;13719
2014-11-29;13726
2014-11-30;13697
2014-12-01;13594
2014-12-02;13493
2014-12-03;13592
2014-12-04;13574
2014-12-05;13597
2014-12-06;13651
2014-12-07;13700
2014-12-08;13993
2014-12-09;14023
2014-12-10;14147
2014-12-11;14541
2014-12-12;14719
2014-12-13;14746
2014-12-14;14863
2014-12-15;15276
2014-12-16;15406
2014-12-17;15434
2014-12-18;15530
2014-12-19;15542
2014-12-20;15652
2014-12-21;15634
2014-12-22;15783
2014-12-23;15845
2014-12-24;15777
2014-12-25;15912
2014-12-26;15953
2014-12-27;15867
2014-12-28;15675
2014-12-29;15755
2014-12-30;15851
2014-12-31;16004
2015-01-01;15993
2015-01-02;16043
2015-01-03;16035
2015-01-04;16017
2015-01-05;16257
2015-01-06;16244
2015-01-07;16270
2015-01-08;16447
2015-01-09;16483
2015-01-10;16500
2015-01-11;16696
2015-01-12;16549
2015-01-13;16486
2015-01-14;16638
2015-01-15;16618
2015-01-16;16528
2015-01-17;16424
2015-01-18;16342
2015-01-19;16247
2015-01-20;16142
2015-01-21;15964
2015-01-22;15757
2015-01-23;15634
2015-01-24;15633
2015-01-25;15530
2015-01-26;15269
2015-01-27;15334
2015-01-28;15171
2015-01-29;15310
2015-01-30;15386
2015-01-31;15622
2015-02-01;15199
2015-02-02;14725
2015-02-03;14607
2015-02-04;14565
2015-02-05;14316
2015-02-06;14266
2015-02-07;14150
2015-02-08;13944
2015-02-09;13830
2015-02-10;13705
2015-02-11;13610
2015-02-12;13574
2015-02-13;13772
2015-02-14;13797
2015-02-15;13731
2015-02-16;13614
2015-02-17;13960
2015-02-18;14124
2015-02-19;14300
2015-02-20;14342
2015-02-21;14311
2015-02-22;14471
2015-02-23;15259
2015-02-24;15278
2015-02-25;15354
2015-02-26;15499
2015-02-27;15590
2015-02-28;16088
2015-03-01;16116
2015-03-02;16726
2015-03-03;16910
2015-03-04;17314
2015-03-05;17614
2015-03-06;17909
2015-03-07;17985
2015-03-08;18173
2015-03-09;18930
2015-03-10;19431
2015-03-11;19592
2015-03-12;20001
2015-03-13;20616
2015-03-14;21370
2015-03-15;22203
2015-03-16;23707
2015-03-17;24291
2015-03-18;24843
2015-03-19;25521
2015-03-20;25571
2015-03-21;25742
2015-03-22;25929
2015-03-23;26173
2015-03-24;26475
2015-03-25;26684
2015-03-26;26920
2015-03-27;26843
2015-03-28;26784
2015-03-29;26668
2015-03-30;26500
2015-03-31;26388
2015-04-01;25948
2015-04-02;25726
2015-04-03;25929
2015-04-04;25842
2015-04-05;25781
2015-04-06;25719
2015-04-07;25590
2015-04-08;25567
2015-04-09;25548
2015-04-10;25374
2015-04-11;25401
2015-04-12;25427
2015-04-13;25415
2015-04-14;25393
2015-04-15;25409
2015-04-16;24886
2015-04-17;25018
2015-04-18;25103
2015-04-19;24933
2015-04-20;24621
2015-04-21;24377
2015-04-22;24239
2015-04-23;24159
2015-04-24;24018
2015-04-25;24136
2015-04-26;24123
2015-04-27;23891
2015-04-28;23842
2015-04-29;23931
2015-04-30;23944
2015-05-01;24042
2015-05-02;24071
2015-05-03;23989
2015-05-04;24211
2015-05-05;24228
2015-05-06;24320
2015-05-07;24507
2015-05-08;24423
2015-05-09;24350
2015-05-10;24456
2015-05-11;24951
2015-05-12;25153
2015-05-13;25102
2015-05-14;25339
2015-05-15;25654
2015-05-16;25625
2015-05-17;25934
2015-05-18;26317
2015-05-19;26628
2015-05-20;26984
2015-05-21;27752
2015-05-22;28638
2015-05-23;29239
2015-05-24;29555
2015-05-25;31293
2015-05-26;31584
2015-05-27;31837
2015-05-28;31954
2015-05-29;32060
2015-05-30;32130
2015-05-31;31852
2015-06-01;31256
2015-06-02;30932
2015-06-03;30579
2015-06-04;30129
2015-06-05;29519
2015-06-06;29101
2015-06-07;29076
2015-06-08;28177
2015-06-09;27884
2015-06-10;27368
2015-06-11;27001
2015-06-12;26660
2015-06-13;26389
2015-06-14;26396
2015-06-15;24834
2015-06-16;23867
2015-06-17;23621
2015-06-18;23414
2015-06-19;23123
2015-06-20;23074
2015-06-21;22885
2015-06-22;22393
2015-06-23;22285
2015-06-24;21654
2015-06-25;21357
2015-06-26;21103
2015-06-27;20996
2015-06-28;20823
2015-06-29;20325
2015-06-30;19823
2015-07-01;19503
2015-07-02;19292
2015-07-03;19199
2015-07-04;19091
2015-07-05;19002
2015-07-06;18142
2015-07-07;17994
2015-07-08;18183
2015-07-09;18153
2015-07-10;18237
2015-07-11;18329
2015-07-12;18360
2015-07-13;18507
2015-07-14;18503
2015-07-15;18653
2015-07-16;18751
2015-07-17;18772
2015-07-18;18697
2015-07-19;18759
2015-07-20;18978
2015-07-21;18930
2015-07-22;18831
2015-07-23;18807
2015-07-24;18735
2015-07-25;18632
2015-07-26;18388
2015-07-27;17750
2015-07-28;17720
2015-07-29;17507
2015-07-30;17219
2015-07-31;17035
2015-08-01;16959
2015-08-02;16946
2015-08-03;15935
2015-08-04;15652
2015-08-05;15155
2015-08-06;14871
2015-08-07;14569
2015-08-08;14264
2015-08-09;14095
2015-08-10;13353
2015-08-11;12979
2015-08-12;12806
2015-08-13;12889
2015-08-14;12877
2015-08-15;12830
2015-08-16;12764
2015-08-17;12616
2015-08-18;12407
2015-08-19;12389
2015-08-20;12395
2015-08-21;12339
2015-08-22;12399
2015-08-23;12530
2015-08-24;12426
2015-08-25;12192
2015-08-26;11889
2015-08-27;12109
2015-08-28;12132
2015-08-29;12103
2015-08-30;12105
2015-08-31;12199
2015-09-01;12265
2015-09-02;12401
2015-09-03;12360
2015-09-04;12406
2015-09-05;12436
2015-09-06;12523
2015-09-07;12757
2015-09-08;12897
2015-09-09;12978
2015-09-10;12967
2015-09-11;13227
2015-09-12;13319
2015-09-13;13367
2015-09-14;13629
2015-09-15;13657
2015-09-16;13754
2015-09-17;13581
2015-09-18;13720
2015-09-19;13735
2015-09-20;13873
2015-09-21;14076
2015-09-22;14107
2015-09-23;14037
2015-09-24;14038
2015-09-25;13960
2015-09-26;13917
2015-09-27;13965
2015-09-28;13996
2015-09-29;14007
2015-09-30;14162
2015-10-01;14316
2015-10-02;14439
2015-10-03;14452
2015-10-04;14373
2015-10-05;14661
2015-10-06;14749
2015-10-07;14687
2015-10-08;14583
2015-10-09;14620
2015-10-10;14558
2015-10-11;14755
2015-10-12;14781
2015-10-13;14764
2015-10-14;14861
2015-10-15;14915
2015-10-16;14935
2015-10-17;14868
2015-10-18;14844
2015-10-19;15004
2015-10-20;15083
2015-10-21;15185
2015-10-22;15250
2015-10-23;15246
2015-10-24;15206
2015-10-25;15191
2015-10-26;14863
2015-10-27;14790
2015-10-28;14783
2015-10-29;14930
2015-10-30;14924
2015-10-31;14878
2015-11-01;14969
2015-11-02;14928
2015-11-03;14934
2015-11-04;14928
2015-11-05;14921
2015-11-06;14832
2015-11-07;14839
2015-11-08;14909
2015-11-09;14993
2015-11-10;15103
2015-11-11;15103
2015-11-12;15212
2015-11-13;15329
2015-11-14;15311
2015-11-15;15305
2015-11-16;15209
2015-11-17;15275
2015-11-18;15298
2015-11-19;15385
2015-11-20;15445
2015-11-21;15449
2015-11-22;15492
2015-11-23;15683
2015-11-24;15635
2015-11-25;15639
2015-11-26;15626
2015-11-27;15703
2015-11-28;15901
2015-11-29;15889
2015-11-30;16313
2015-12-01;16452
2015-12-02;16779
2015-12-03;17018
2015-12-04;17235
2015-12-05;17690
2015-12-06;17830
2015-12-07;18732
2015-12-08;19452
2015-12-09;19786
2015-12-10;20161
2015-12-11;20630
2015-12-12;21264
2015-12-13;21937
2015-12-14;23900
2015-12-15;25092
2015-12-16;25629
2015-12-17;26434
2015-12-18;26960
2015-12-19;27020
2015-12-20;28042
2015-12-21;29060
2015-12-22;29219
2015-12-23;30318
2015-12-24;30850
2015-12-25;31461
2015-12-26;31657
2015-12-27;31709
2015-12-28;32039
2015-12-29;32205
2015-12-30;32235
2015-12-31;32398
2016-01-01;32565
2016-01-02;32688
2016-01-03;32382
2016-01-04;32539
2016-01-05;32707
2016-01-06;32740
2016-01-07;32681
2016-01-08;32857
2016-01-09;32648
2016-01-10;32305
2016-01-11;31881
2016-01-12;31792
2016-01-13;31931
2016-01-14;31737
2016-01-15;31579
2016-01-16;31413
2016-01-17;31134
2016-01-18;30496
2016-01-19;29617
2016-01-20;29639
2016-01-21;29174
2016-01-22;28751
2016-01-23;28421
2016-01-24;27592
2016-01-25;26869
2016-01-26;26231
2016-01-27;25014
2016-01-28;24803
2016-01-29;24471
2016-01-30;24438
2016-01-31;23901
2016-02-01;23342
2016-02-02;22981
2016-02-03;22473
2016-02-04;22336
2016-02-05;21847
2016-02-06;21551
2016-02-07;21642
2016-02-08;21413
2016-02-09;20740
2016-02-10;20482
2016-02-11;20440
2016-02-12;19731
2016-02-13;19728
2016-02-14;19619
2016-02-15;19784
2016-02-16;20199
2016-02-17;20078
2016-02-18;20891
2016-02-19;21043
2016-02-20;23950
2016-02-21;21464
2016-02-22;22446
2016-02-23;23999
2016-02-24;23705
2016-02-25;24977
2016-02-26;25997
2016-02-27;27737
2016-02-28;28666
2016-02-29;29839
2016-03-01;31588
2016-03-02;31857
2016-03-03;33458
2016-03-04;33970
2016-03-05;34631
2016-03-06;34919
2016-03-07;35859
2016-03-08;35747
2016-03-09;36069
2016-03-10;36154
2016-03-11;36474
2016-03-12;36806
2016-03-13;37113
2016-03-14;36823
2016-03-15;37314
2016-03-16;37230
2016-03-17;37754
2016-03-18;37887
2016-03-19;37725
2016-03-20;37392
2016-03-21;36948
2016-03-22;36345
2016-03-23;36693
2016-03-24;36415
2016-03-25;36203
2016-03-26;35974
2016-03-27;36259
2016-03-28;36486
2016-03-29;35882
2016-03-30;36294
2016-03-31;36231
2016-04-01;35826
2016-04-02;36031
2016-04-03;36004
2016-04-04;36709
2016-04-05;36808
2016-04-06;36624
2016-04-07;37282
2016-04-08;36980
2016-04-09;36726
2016-04-10;36375
2016-04-11;36912
2016-04-12;37629
2016-04-13;37197
2016-04-14;37351
2016-04-15;37503
2016-04-16;36966
2016-04-17;36870
2016-04-18;37284
2016-04-19;36992
2016-04-20;37269
2016-04-21;37629
2016-04-22;37275
2016-04-23;37080
2016-04-24;37193
2016-04-25;36578
2016-04-26;36866
2016-04-27;36917
2016-04-28;36366
2016-04-29;36102
2016-04-30;35863
2016-05-01;36360
2016-05-02;36568
2016-05-03;36566
2016-05-04;36636
2016-05-05;37142
2016-05-06;37408
2016-05-07;37539
2016-05-08;37659
2016-05-09;38663
2016-05-10;38597
2016-05-11;38591
2016-05-12;39121
2016-05-13;38981
2016-05-14;38829
2016-05-15;38780
2016-05-16;38731
2016-05-17;38849
2016-05-18;38428
2016-05-19;38035
2016-05-20;37818
2016-05-21;37399
2016-05-22;37326
2016-05-23;36140
2016-05-24;36359
2016-05-25;35298
2016-05-26;33848
2016-05-27;33096
2016-05-28;31686
2016-05-29;31647
2016-05-30;30972
2016-05-31;30830
2016-06-01;30568
2016-06-02;30151
2016-06-03;29513
2016-06-04;29153
2016-06-05;29011
2016-06-06;28319
2016-06-07;28511
2016-06-08;28175
2016-06-09;27856
2016-06-10;28025
2016-06-11;27845
2016-06-12;27703
2016-06-13;27023
2016-06-14;26879
2016-06-15;26374
2016-06-16;26360
2016-06-17;26059
2016-06-18;25961
2016-06-19;25791
2016-06-20;25881
2016-06-21;26137
2016-06-22;26380
2016-06-23;26583
2016-06-24;26521
2016-06-25;26907
2016-06-26;26956
2016-06-27;27243
2016-06-28;27593
2016-06-29;27710
2016-06-30;27821
2016-07-01;27820
2016-07-02;28203
2016-07-03;28654
2016-07-04;29729
2016-07-05;30203
2016-07-06;30378
2016-07-07;30330
2016-07-08;30733
2016-07-09;30631
2016-07-10;31536
2016-07-11;32018
2016-07-12;32358
2016-07-13;32639
2016-07-14;32479
2016-07-15;33449
2016-07-16;33193
2016-07-17;33151
2016-07-18;33199
2016-07-19;33592
2016-07-20;34031
2016-07-21;34749
2016-07-22;35189
2016-07-23;35438
2016-07-24;36203
2016-07-25;36888
2016-07-26;36738
2016-07-27;37463
2016-07-28;38122
2016-07-29;37054
2016-07-30;37347
2016-07-31;36841
2016-08-01;36675
2016-08-02;36046
2016-08-03;35752
2016-08-04;34976
2016-08-05;34628
2016-08-06;34021
2016-08-07;33718
2016-08-08;33777
2016-08-09;33354
2016-08-10;32828
2016-08-11;32039
2016-08-12;31895
2016-08-13;31842
2016-08-14;31267
2016-08-15;31072
2016-08-16;31253
2016-08-17;31229
2016-08-18;31687
2016-08-19;30821
2016-08-20;30589
2016-08-21;30522
2016-08-22;30008
2016-08-23;30247
2016-08-24;29595
2016-08-25;30119
2016-08-26;30292
2016-08-27;30636
2016-08-28;30817
2016-08-29;31018
2016-08-30;31458
2016-08-31;31784
2016-09-01;31984
2016-09-02;32185
2016-09-03;32515
2016-09-04;32671
2016-09-05;33762
2016-09-06;34483
2016-09-07;34841
2016-09-08;35186
2016-09-09;36117
2016-09-10;36229
2016-09-11;36315
2016-09-12;36583
2016-09-13;36793
2016-09-14;36765
2016-09-15;36977
2016-09-16;36381
2016-09-17;36221
2016-09-18;35886
2016-09-19;35555
2016-09-20;36531
2016-09-21;36088
2016-09-22;35909
2016-09-23;35530
2016-09-24;35706
2016-09-25;34958
2016-09-26;34756
2016-09-27;34397
2016-09-28;33549
2016-09-29;33020
2016-09-30;32395
2016-10-01;32504
2016-10-02;32327
2016-10-03;30870
2016-10-04;30180
2016-10-05;30154
2016-10-06;29895
2016-10-07;29466
2016-10-08;29085
2016-10-09;29163
2016-10-10;28876
2016-10-11;28583
2016-10-12;28048
2016-10-13;27960
2016-10-14;28054
2016-10-15;27719
2016-10-16;27987
2016-10-17;27939
2016-10-18;28378
2016-10-19;28637
2016-10-20;28387
2016-10-21;28699
2016-10-22;28919
2016-10-23;28458
2016-10-24;29117
2016-10-25;28881
2016-10-26;29458
2016-10-27;30441
2016-10-28;31455
2016-10-29;32547
2016-10-30;32527
2016-10-31;33438
2016-11-01;34472
2016-11-02;35042
2016-11-03;35955
2016-11-04;36178
2016-11-05;36259
2016-11-06;36559
2016-11-07;37042
2016-11-08;37433
2016-11-09;37506
2016-11-10;38089
2016-11-11;38755
2016-11-12;38769
2016-11-13;40358
2016-11-14;40939
2016-11-15;42496
2016-11-16;43258
2016-11-17;43080
2016-11-18;43313
2016-11-19;42815
2016-11-20;42584
2016-11-21;43239
2016-11-22;42424
2016-11-23;42087
2016-11-24;41965
2016-11-25;41040
2016-11-26;40530
2016-11-27;40383
2016-11-28;39422
2016-11-29;38936
2016-11-30;38749
2016-12-01;38221
2016-12-02;37290
2016-12-03;37133
2016-12-04;36859
2016-12-05;37190
2016-12-06;36721
2016-12-07;36783
2016-12-08;36570
2016-12-09;36567
2016-12-10;36556
2016-12-11;36668
2016-12-12;36191
2016-12-13;36104
2016-12-14;35353
2016-12-15;35159
2016-12-16;35002
2016-12-17;35027
2016-12-18;34714
2016-12-19;34513
2016-12-20;34054
2016-12-21;34421
2016-12-22;34208
2016-12-23;34168
2016-12-24;33697
2016-12-25;33756
2016-12-26;32827
2016-12-27;32886
2016-12-28;32267
2016-12-29;32253
2016-12-30;32217
2016-12-31;32101
2017-01-01;32012
2017-01-02;32061
2017-01-03;31960
2017-01-04;31738
2017-01-05;31674
2017-01-06;32055
2017-01-07;31895
2017-01-08;31750
2017-01-09;31549
2017-01-10;31595
2017-01-11;31107
2017-01-12;30992
2017-01-13;30639
2017-01-14;30904
2017-01-15;30605
2017-01-16;30246
2017-01-17;29661
2017-01-18;28966
2017-01-19;29212
2017-01-20;29082
2017-01-21;29228
2017-01-22;29213
2017-01-23;29326
2017-01-24;28808
2017-01-25;28601
2017-01-26;28396
2017-01-27;28382
2017-01-28;28430
2017-01-29;28459
2017-01-30;28465
2017-01-31;28468
2017-02-01;28460
2017-02-02;28385
2017-02-03;28411
2017-02-04;29242
2017-02-05;29332
2017-02-06;29707
2017-02-07;29948
2017-02-08;30042
2017-02-09;30510
2017-02-10;30792
2017-02-11;31052
2017-02-12;31257
2017-02-13;31625
2017-02-14;32260
2017-02-15;33172
2017-02-16;33932
2017-02-17;34520
2017-02-18;35213
2017-02-19;35466
2017-02-20;35923
2017-02-21;35942
2017-02-22;35579
2017-02-23;35932
2017-02-24;35710
2017-02-25;35681
2017-02-26;35915
2017-02-27;35933
2017-02-28;35671
2017-03-01;35512
2017-03-02;35593
2017-03-03;35602
2017-03-04;35588
2017-03-05;35581
2017-03-06;36158
2017-03-07;36111
2017-03-08;36333
2017-03-09;36239
2017-03-10;36494
2017-03-11;36749
2017-03-12;36978
2017-03-13;36790
2017-03-14;36887
2017-03-15;36629
2017-03-16;36622
2017-03-17;35769
2017-03-18;35947
2017-03-19;35710
2017-03-20;34875
2017-03-21;34860
2017-03-22;34280
2017-03-23;33578
2017-03-24;32927
2017-03-25;32852
2017-03-26;32867
2017-03-27;32196
2017-03-28;31421
2017-03-29;31405
2017-03-30;31421
2017-03-31;31121
2017-04-01;30698
2017-04-02;30535
2017-04-03;30171
2017-04-04;29492
2017-04-05;28866
2017-04-06;28885
2017-04-07;28810
2017-04-08;28824
2017-04-09;29031
2017-04-10;28173
2017-04-11;28066
2017-04-12;27861
2017-04-13;27638
2017-04-14;27687
2017-04-15;28082
2017-04-16;28062
2017-04-17;28153
2017-04-18;28464
2017-04-19;28317
2017-04-20;28145
2017-04-21;28204
2017-04-22;28150
2017-04-23;27957
2017-04-24;28112
2017-04-25;27668
2017-04-26;28045
2017-04-27;27541
2017-04-28;28004
2017-04-29;28066
2017-04-30;27935
2017-05-01;27531
2017-05-02;27664
2017-05-03;27576
2017-05-04;27660
2017-05-05;27737
2017-05-06;27840
2017-05-07;27719
2017-05-08;27625
2017-05-09;27740
2017-05-10;27522
2017-05-11;27581
2017-05-12;27487
2017-05-13;27581
2017-05-14;27263
2017-05-15;26559
2017-05-16;26385
2017-05-17;26314
2017-05-18;25997
2017-05-19;25997
2017-05-20;25938
2017-05-21;25785
2017-05-22;25746
2017-05-23;25629
2017-05-24;25769
2017-05-25;25551
2017-05-26;25284
2017-05-27;25117
2017-05-28;25055
2017-05-29;24567
2017-05-30;24580
2017-05-31;24778
2017-06-01;25110
2017-06-02;25218
2017-06-03;25458
2017-06-04;25853
2017-06-05;25002
2017-06-06;25067
2017-06-07;25033
2017-06-08;25093
2017-06-09;24953
2017-06-10;24960
2017-06-11;24892
2017-06-12;25280
2017-06-13;25122
2017-06-14;25271
2017-06-15;25274
2017-06-16;25557
2017-06-17;25492
2017-06-18;25722
2017-06-19;26394
2017-06-20;27157
2017-06-21;27894
2017-06-22;28200
2017-06-23;28893
2017-06-24;29600
2017-06-25;29555
2017-06-26;29204
2017-06-27;29177
2017-06-28;28883
2017-06-29;28811
2017-06-30;28838
2017-07-01;29205
2017-07-02;29250
2017-07-03;28932
2017-07-04;29097
2017-07-05;29472
2017-07-06;29782
2017-07-07;29446
2017-07-08;29586
2017-07-09;29484
2017-07-10;29794
2017-07-11;29836
2017-07-12;29661
2017-07-13;29457
2017-07-14;29722
2017-07-15;29808
2017-07-16;29801
2017-07-17;29364
2017-07-18;29361
2017-07-19;29309
2017-07-20;29064
2017-07-21;28908
2017-07-22;28908
2017-07-23;28556
2017-07-24;28581
2017-07-25;28058
2017-07-26;27594
2017-07-27;27493
2017-07-28;26993
2017-07-29;27081
2017-07-30;26775
2017-07-31;25826
2017-08-01;25076
2017-08-02;24461
2017-08-03;23817
2017-08-04;23421
2017-08-05;23473
2017-08-06;23319
2017-08-07;22886
2017-08-08;22330
2017-08-09;21911
2017-08-10;21628
2017-08-11;21343
2017-08-12;21032
2017-08-13;20843
2017-08-14;20486
2017-08-15;20478
2017-08-16;20283
2017-08-17;20375
2017-08-18;20116
2017-08-19;20230
2017-08-20;19978
2017-08-21;19752
2017-08-22;19722
2017-08-23;19853
2017-08-24;19514
2017-08-25;19266
2017-08-26;19386
2017-08-27;19389
2017-08-28;19227
2017-08-29;19553
2017-08-30;19661
2017-08-31;19577
2017-09-01;19583
2017-09-02;19679
2017-09-03;19647
2017-09-04;19577
2017-09-05;19460
2017-09-06;19461
2017-09-07;19453
2017-09-08;19261
2017-09-09;19376
2017-09-10;19367
2017-09-11;19420
2017-09-12;19169
2017-09-13;19060
2017-09-14;18957
2017-09-15;18895
2017-09-16;18703
2017-09-17;18703
2017-09-18;18561
2017-09-19;18525
2017-09-20;18278
2017-09-21;18477
2017-09-22;18174
2017-09-23;18114
2017-09-24;17906
2017-09-25;17649
2017-09-26;17425
2017-09-27;17416
2017-09-28;17374
2017-09-29;17300
2017-09-30;17116
2017-10-01;17030
2017-10-02;16679
2017-10-03;16682
2017-10-04;16499
2017-10-05;16255
2017-10-06;16130
2017-10-07;16343
2017-10-08;16302
2017-10-09;16096
2017-10-10;15965
2017-10-11;15940
2017-10-12;15901
2017-10-13;16058
2017-10-14;16203
2017-10-15;16197
2017-10-16;16128
2017-10-17;16452
2017-10-18;16242
2017-10-19;16347
2017-10-20;16335
2017-10-21;16592
2017-10-22;16582
2017-10-23;16888
2017-10-24;16810
2017-10-25;16992
2017-10-26;17065
2017-10-27;17309
2017-10-28;17270
2017-10-29;17296
2017-10-30;17411
2017-10-31;17543
2017-11-01;17665
2017-11-02;17792
2017-11-03;18035
2017-11-04;18383
2017-11-05;18436
2017-11-06;18649
2017-11-07;19045
2017-11-08;19068
2017-11-09;19429
2017-11-10;19639
2017-11-11;19871
2017-11-12;19844
2017-11-13;20213
2017-11-14;20307
2017-11-15;20437
2017-11-16;20409
2017-11-17;20626
2017-11-18;20508
2017-11-19;20697
2017-11-20;21066
2017-11-21;20916
2017-11-22;21095
2017-11-23;21205
2017-11-24;20742
2017-11-25;21028
2017-11-26;20971
2017-11-27;20871
2017-11-28;20846
2017-11-29;20865
2017-11-30;21039
2017-12-01;20998
2017-12-02;20935
2017-12-03;20931
2017-12-04;20719
2017-12-05;20957
2017-12-06;20843
2017-12-07;20822
2017-12-08;20736
2017-12-09;20585
2017-12-10;20500
2017-12-11;20192
2017-12-12;19904
2017-12-13;19683
2017-12-14;19554
2017-12-15;19350
2017-12-16;19400
2017-12-17;19452
2017-12-18;19357
2017-12-19;19471
2017-12-20;19564
2017-12-21;19596
2017-12-22;19478
2017-12-23;19365
2017-12-24;19340
2017-12-25;19181
2017-12-26;19281
2017-12-27;19320
2017-12-28;19072
2017-12-29;19011
2017-12-30;19009
2017-12-31;19064
2018-01-01;19122
2018-01-02;18976
2018-01-03;18953
2018-01-04;18876
2018-01-05;18759
2018-01-06;18761
2018-01-07;18916
2018-01-08;18719
2018-01-09;18643
2018-01-10;18417
2018-01-11;18485
2018-01-12;18225
2018-01-13;18335
2018-01-14;18169
2018-01-15;17915
2018-01-16;17771
2018-01-17;17619
2018-01-18;17498
2018-01-19;17375
2018-01-20;17295
2018-01-21;17261
2018-01-22;16883
2018-01-23;16900
2018-01-24;16751
2018-01-25;16642
2018-01-26;16496
2018-01-27;16382
2018-01-28;16355
2018-01-29;16338
2018-01-30;16367
2018-01-31;16157
2018-02-01;16117
2018-02-02;16116
2018-02-03;16339
2018-02-04;16243
2018-02-05;16294
2018-02-06;16382
2018-02-07;16715
2018-02-08;16936
2018-02-09;17370
2018-02-10;17551
2018-02-11;17694
2018-02-12;18000
2018-02-13;18263
2018-02-14;18448
2018-02-15;18644
2018-02-16;18532
2018-02-17;18744
2018-02-18;18907
2018-02-19;19066
2018-02-20;19712
2018-02-21;19817
2018-02-22;19646
2018-02-23;19724
2018-02-24;19764
2018-02-25;19880
2018-02-26;20050
2018-02-27;20342
2018-02-28;20430
2018-03-01;20472
2018-03-02;20542
2018-03-03;20634
2018-03-04;20723
2018-03-05;20912
2018-03-06;21196
2018-03-07;21338
2018-03-08;21338
2018-03-09;21453
2018-03-10;21486
2018-03-11;21511
2018-03-12;21748
2018-03-13;21791
2018-03-14;21957
2018-03-15;21803
2018-03-16;21928
2018-03-17;22055
2018-03-18;22094
2018-03-19;22228
2018-03-20;22143
2018-03-21;22199
2018-03-22;22296
2018-03-23;22410
2018-03-24;22275
2018-03-25;22308
2018-03-26;22284
2018-03-27;22446
2018-03-28;22661
2018-03-29;23039
2018-03-30;23122
2018-03-31;23331
2018-04-01;23500
2018-04-02;24235
2018-04-03;25063
2018-04-04;25832
2018-04-05;26759
2018-04-06;27728
2018-04-07;28107
2018-04-08;28545
2018-04-09;30281
2018-04-10;31039
2018-04-11;31299
2018-04-12;31316
2018-04-13;31568
2018-04-14;31472
2018-04-15;31374
2018-04-16;31273
2018-04-17;31150
2018-04-18;30954
2018-04-19;30779
2018-04-20;30691
2018-04-21;30432
2018-04-22;30399
2018-04-23;30335
2018-04-24;30201
2018-04-25;30022
2018-04-26;29890
2018-04-27;29759
2018-04-28;29771
2018-04-29;29782
2018-04-30;29648
2018-05-01;29497
2018-05-02;29127
2018-05-03;29028
2018-05-04;28939
2018-05-05;28650
2018-05-06;28778
2018-05-07;28794
2018-05-08;28896
2018-05-09;28737
2018-05-10;29070
2018-05-11;29217
2018-05-12;29077
2018-05-13;28839
2018-05-14;30250
2018-05-15;28653
2018-05-16;28593
2018-05-17;28817
2018-05-18;28437
2018-05-19;28294
2018-05-20;28414
2018-05-21;28132
2018-05-22;28187
2018-05-23;27948
2018-05-24;27893
2018-05-25;27722
2018-05-26;27650
2018-05-27;27478
2018-05-28;27536
2018-05-29;27329
2018-05-30;27121
2018-05-31;27157
2018-06-01;27233
2018-06-02;27181
2018-06-03;27244
2018-06-04;27328
2018-06-05;27452
2018-06-06;27574
2018-06-07;27737
2018-06-08;27817
2018-06-09;27857
2018-06-10;27940
2018-06-11;28041
2018-06-12;28203
2018-06-13;28385
2018-06-14;28364
2018-06-15;28679
2018-06-16;28698
2018-06-17;28561
2018-06-18;28448
2018-06-19;28306
2018-06-20;28155
2018-06-21;27629
2018-06-22;27455
2018-06-23;27224
2018-06-24;27257
2018-06-25;26609
2018-06-26;26292
2018-06-27;26007
2018-06-28;25871
2018-06-29;25159
2018-06-30;24799
2018-07-01;24439
2018-07-02;23817
2018-07-03;23533
2018-07-04;23515
2018-07-05;23389
2018-07-06;22946
2018-07-07;22916
2018-07-08;22958
2018-07-09;22099
2018-07-10;22339
2018-07-11;22192
2018-07-12;21843
2018-07-13;21600
2018-07-14;21453
2018-07-15;21227
2018-07-16;20731
2018-07-17;20518
2018-07-18;20434
2018-07-19;20222
2018-07-20;20003
2018-07-21;19846
2018-07-22;19839
2018-07-23;19650
2018-07-24;19502
2018-07-25;19621
2018-07-26;19626
2018-07-27;19568
2018-07-28;19507
2018-07-29;19437
2018-07-30;19466
2018-07-31;19586
2018-08-01;19503
2018-08-02;19253
2018-08-03;19222
2018-08-04;19114
2018-08-05;19276
2018-08-06;19328
2018-08-07;19300
2018-08-08;19160
2018-08-09;18967
2018-08-10;19083
2018-08-11;19065
2018-08-12;19110
2018-08-13;19055
2018-08-14;19000
2018-08-15;18977
2018-08-16;18999
2018-08-17;18993
2018-08-18;18992
2018-08-19;18998
2018-08-20;18851
2018-08-21;18874
2018-08-22;18822
2018-08-23;18851
2018-08-24;18682
2018-08-25;18621
2018-08-26;18638
2018-08-27;18307
2018-08-28;18154
2018-08-29;17930
2018-08-30;17707
2018-08-31;17718
2018-09-01;17737
2018-09-02;17676
2018-09-03;17374
2018-09-04;17388
2018-09-05;17397
2018-09-06;17235
2018-09-07;17056
2018-09-08;16924
2018-09-09;16694
2018-09-10;16424
2018-09-11;16424
2018-09-12;16384
2018-09-13;16233
2018-09-14;16207
2018-09-15;16173
2018-09-16;16119
2018-09-17;15818
2018-09-18;15582
2018-09-19;15473
2018-09-20;15355
2018-09-21;15259
2018-09-22;15181
2018-09-23;15146
2018-09-24;14973
2018-09-25;14968
2018-09-26;14859
2018-09-27;14599
2018-09-28;14485
2018-09-29;14466
2018-09-30;14366
2018-10-01;14108
2018-10-02;14062
2018-10-03;14074
2018-10-04;14009
2018-10-05;14073
2018-10-06;14095
2018-10-07;14167
2018-10-08;14288
2018-10-09;14405
2018-10-10;14549
2018-10-11;14658
2018-10-12;14676
2018-10-13;14897
2018-10-14;14960
2018-10-15;15554
2018-10-16;15777
2018-10-17;16008
2018-10-18;16100
2018-10-19;16160
2018-10-20;16175
2018-10-21;16247
2018-10-22;16631
2018-10-23;16675
2018-10-24;16815
2018-10-25;16735
2018-10-26;16808
2018-10-27;16838
2018-10-28;16833
2018-10-29;16988
2018-10-30;17011
2018-10-31;17056
2018-11-01;17044
2018-11-02;17053
2018-11-03;17026
2018-11-04;17074
2018-11-05;17242
2018-11-06;17239
2018-11-07;17438
2018-11-08;17425
2018-11-09;17583
2018-11-10;17524
2018-11-11;17590
2018-11-12;17951
2018-11-13;18334
2018-11-14;18674
2018-11-15;18971
2018-11-16;19385
2018-11-17;19528
2018-11-18;19763
2018-11-19;20057
2018-11-20;20173
2018-11-21;20269
2018-11-22;20575
2018-11-23;20689
2018-11-24;20732
2018-11-25;20731
2018-11-26;20982
2018-11-27;21081
2018-11-28;20893
2018-11-29;21030
2018-11-30;21140
2018-12-01;21426
2018-12-02;21472
2018-12-03;21721
2018-12-04;21885
2018-12-05;21915
2018-12-06;22003
2018-12-07;22005
2018-12-08;22113
2018-12-09;22094
2018-12-10;22803
2018-12-11;22983
2018-12-12;23124
2018-12-13;23314
2018-12-14;23393
2018-12-15;23423
2018-12-16;23555
2018-12-17;23666
2018-12-18;23734
2018-12-19;23814
2018-12-20;23875
2018-12-21;23996
2018-12-22;24022
2018-12-23;24091
2018-12-24;24119
2018-12-25;24267
2018-12-26;24184
2018-12-27;24417
2018-12-28;24658
2018-12-29;24678
2018-12-30;24722
2018-12-31;24982
2019-01-01;25036
2019-01-02;25292
2019-01-03;25327
2019-01-04;25232
2019-01-05;25475
2019-01-06;25384
2019-01-07;25592
2019-01-08;25740
2019-01-09;25719
2019-01-10;25812
2019-01-11;25606
2019-01-12;25499
2019-01-13;25521
2019-01-14;25353
2019-01-15;25287
2019-01-16;25225
2019-01-17;25240
2019-01-18;24917
2019-01-19;24792
2019-01-20;24735
2019-01-21;24318
2019-01-22;24097
2019-01-23;23807
2019-01-24;23418
2019-01-25;23203
2019-01-26;23016
2019-01-27;22878
2019-01-28;22056
2019-01-29;21884
2019-01-30;21422
2019-01-31;21118
2019-02-01;20820
2019-02-02;20699
2019-02-03;20586
2019-02-04;20215
2019-02-05;19874
2019-02-06;19853
2019-02-07;19687
2019-02-08;19321
2019-02-09;19200
2019-02-10;19133
2019-02-11;18767
2019-02-12;18626
2019-02-13;18668
2019-02-14;18454
2019-02-15;18502
2019-02-16;18429
2019-02-17;18385
2019-02-18;18696
2019-02-19;18896
2019-02-20;18735
2019-02-21;18916
2019-02-22;18981
2019-02-23;18991
2019-02-24;19071
2019-02-25;19564
2019-02-26;19957
2019-02-27;20058
2019-02-28;20242
2019-03-01;20383
2019-03-02;20460
2019-03-03;20968
2019-03-04;21754
2019-03-05;22226
2019-03-06;22605
2019-03-07;23099
2019-03-08;24178
2019-03-09;24857
2019-03-10;25300
2019-03-11;26393
2019-03-12;26851
2019-03-13;27255
2019-03-14;27492
2019-03-15;27522
2019-03-16;27721
2019-03-17;27734
2019-03-18;28001
2019-03-19;27994
2019-03-20;27748
2019-03-21;27685
2019-03-22;27540
2019-03-23;27703
2019-03-24;27673
2019-03-25;27620
2019-03-26;27944
2019-03-27;28339
2019-03-28;28848
2019-03-29;29886
2019-03-30;32984
2019-03-31;30783
2019-04-01;31206
2019-04-02;31519
2019-04-03;31797
2019-04-04;31959
2019-04-05;32182
2019-04-06;32276
2019-04-07;32421
2019-04-08;32883
2019-04-09;33118
2019-04-10;33386
2019-04-11;34084
2019-04-12;34567
2019-04-13;35024
2019-04-14;35388
2019-04-15;36160
2019-04-16;36746
2019-04-17;36762
2019-04-18;36839
2019-04-19;36836
2019-04-20;36882
2019-04-21;36707
2019-04-22;36437
2019-04-23;36491
2019-04-24;36206
2019-04-25;35528
2019-04-26;35129
2019-04-27;34840
2019-04-28;34732
2019-04-29;33961
2019-04-30;32616
2019-05-01;32134
2019-05-02;30956
2019-05-03;30303
2019-05-04;29915
2019-05-05;29583
2019-05-06;28693
2019-05-07;28224
2019-05-08;27754
2019-05-09;27083
2019-05-10;26828
2019-05-11;26700
2019-05-12;26387
2019-05-13;25640
2019-05-14;24953
2019-05-15;24687
2019-05-16;24213
2019-05-17;23863
2019-05-18;23728
2019-05-19;23546
2019-05-20;23094
2019-05-21;22744
2019-05-22;22750
2019-05-23;22945
2019-05-24;22897
2019-05-25;22964
2019-05-26;23089
2019-05-27;23592
2019-05-28;24741
2019-05-29;25079
2019-05-30;25383
2019-05-31;25939
2019-06-01;26166
2019-06-02;26032
2019-06-03;26413
2019-06-04;26670
2019-06-05;26784
2019-06-06;26736
2019-06-07;26571
2019-06-08;26669
2019-06-09;26664
2019-06-10;26871
2019-06-11;26880
2019-06-12;26948
2019-06-13;27084
2019-06-14;27226
2019-06-15;27298
2019-06-16;27129
2019-06-17;27213
2019-06-18;27172
2019-06-19;27319
2019-06-20;27438
2019-06-21;27410
2019-06-22;27495
2019-06-23;27498
2019-06-24;27475
2019-06-25;27438
2019-06-26;27418
2019-06-27;27138
2019-06-28;26935
2019-06-29;27007
2019-06-30;26926
2019-07-01;26595
2019-07-02;26527
2019-07-03;26149
2019-07-04;25904
2019-07-05;26062
2019-07-06;26088
2019-07-07;25917
2019-07-08;25480
2019-07-09;25415
2019-07-10;25256
2019-07-11;25156
2019-07-12;25003
2019-07-13;24940
2019-07-14;24843
2019-07-15;24629
2019-07-16;24471
2019-07-17;24294
2019-07-18;24151
2019-07-19;23929
2019-07-20;23865
2019-07-21;23693
2019-07-22;23524
2019-07-23;23587
2019-07-24;23610
2019-07-25;23324
2019-07-26;23284
2019-07-27;23150
2019-07-28;23191
2019-07-29;22816
2019-07-30;22681
2019-07-31;22524
2019-08-01;22333
2019-08-02;22200
2019-08-03;22195
2019-08-04;22057
2019-08-05;21804
2019-08-06;21217
2019-08-07;21367
2019-08-08;21125
2019-08-09;21033
2019-08-10;20925
2019-08-11;21075
2019-08-12;20710
2019-08-13;20636
2019-08-14;20390
2019-08-15;20154
2019-08-16;19814
2019-08-17;19516
2019-08-18;19265
2019-08-19;18582
2019-08-20;18396
2019-08-21;18034
2019-08-22;17659
2019-08-23;17469
2019-08-24;17266
2019-08-25;17228
2019-08-26;16704
2019-08-27;16364
2019-08-28;16271
2019-08-29;15913
2019-08-30;15690
2019-08-31;15508
2019-09-01;15490
2019-09-02;15322
2019-09-03;15368
2019-09-04;15253
2019-09-05;15226
2019-09-06;15129
2019-09-07;15105
2019-09-08;15168
2019-09-09;15009
2019-09-10;15011
2019-09-11;14793
2019-09-12;14747
2019-09-13;14712
2019-09-14;14673
2019-09-15;14770
2019-09-16;14682
2019-09-17;14699
2019-09-18;14764
2019-09-19;14647
2019-09-20;14651
2019-09-21;14621
2019-09-22;14649
2019-09-23;14466
2019-09-24;14513
2019-09-25;14473
2019-09-26;14397
2019-09-27;14297
2019-09-28;14278
2019-09-29;14263
2019-09-30;14012
2019-10-01;13939
2019-10-02;13928
2019-10-03;13821
2019-10-04;13720
2019-10-05;13691
2019-10-06;13669
2019-10-07;13633
2019-10-08;13790
2019-10-09;14024
2019-10-10;14786
2019-10-11;15684
2019-10-12;16150
2019-10-13;16555
2019-10-14;17758
2019-10-15;18254
2019-10-16;18659
2019-10-17;18988
2019-10-18;19028
2019-10-19;19162
2019-10-20;19265
2019-10-21;19810
2019-10-22;19760
2019-10-23;20081
2019-10-24;20079
2019-10-25;20036
2019-10-26;20033
2019-10-27;20071
2019-10-28;20092
2019-10-29;20115
2019-10-30;20196
2019-10-31;20173
2019-11-01;20218
2019-11-02;20295
2019-11-03;20365
2019-11-04;20538
2019-11-05;20787
2019-11-06;20800
2019-11-07;21019
2019-11-08;21214
2019-11-09;21401
2019-11-10;21541
2019-11-11;21913
2019-11-12;22254
2019-11-13;22654
2019-11-14;22996
2019-11-15;23152
2019-11-16;23205
2019-11-17;23386
2019-11-18;23957
2019-11-19;24134
2019-11-20;25966
2019-11-21;24565
2019-11-22;24499
2019-11-23;24588
2019-11-24;24623
2019-11-25;24757
2019-11-26;24871
2019-11-27;25101
2019-11-28;25134
2019-11-29;25348
2019-11-30;25387
2019-12-01;25333
2019-12-02;25857
2019-12-03;25956
2019-12-04;26012
2019-12-05;26185
2019-12-06;26265
2019-12-07;26403
2019-12-08;26484
2019-12-09;26912
2019-12-10;27073
2019-12-11;27276
2019-12-12;27624
2019-12-13;28265
2019-12-14;28585
2019-12-15;28703
2019-12-16;29212
2019-12-17;29480
2019-12-18;29818
2019-12-19;29983
2019-12-20;30210
2019-12-21;30507
2019-12-22;30676
2019-12-23;31167
2019-12-24;31514
2019-12-25;32048
2019-12-26;32919
2019-12-27;32810
2019-12-28;32777
2019-12-29;32786
2019-12-30;32410
2019-12-31;32166
2020-01-01;31957
2020-01-02;31500
2020-01-03;31193
2020-01-04;30968
2020-01-05;30680
2020-01-06;30597
2020-01-07;30487
2020-01-08;30369
2020-01-09;30226
2020-01-10;30224
2020-01-11;30283
2020-01-12;30204
2020-01-13;29848
2020-01-14;29518
2020-01-15;29501
2020-01-16;29224
2020-01-17;28917
2020-01-18;28743
2020-01-19;28742
2020-01-20;27772
2020-01-21;28035
2020-01-22;27932
2020-01-23;27578
2020-01-24;27633
2020-01-25;27701
2020-01-26;27517
2020-01-27;27635
2020-01-28;27774
2020-01-29;27860
2020-01-30;27983
2020-01-31;28116
2020-02-01;28303
2020-02-02;28337
2020-02-03;28507
2020-02-04;28709
2020-02-05;28594
2020-02-06;28285
2020-02-07;28011
2020-02-08;27992
2020-02-09;27958
2020-02-10;27505
2020-02-11;27131
2020-02-12;27402
2020-02-13;27117
2020-02-14;26592
2020-02-15;26188
2020-02-16;26008
2020-02-17;25686
2020-02-18;25621
2020-02-19;25125
2020-02-20;24935
2020-02-21;24944
2020-02-22;24887
2020-02-23;24916
2020-02-24;24341
2020-02-25;24390
2020-02-26;24395
2020-02-27;24438
2020-02-28;24567
2020-02-29;24461
2020-03-01;24344
2020-03-02;24572
2020-03-03;24621
2020-03-04;24887
2020-03-05;25020
2020-03-06;25312
2020-03-07;25613
2020-03-08;25738
2020-03-09;26559
2020-03-10;27579
2020-03-11;27864
2020-03-12;27959
2020-03-13;28247
2020-03-14;28498
2020-03-15;28517
2020-03-16;28977
2020-03-17;29144
2020-03-18;29417
2020-03-19;29375
2020-03-20;29774
2020-03-21;29797
2020-03-22;29890
2020-03-23;30463
2020-03-24;30727
2020-03-25;30911
2020-03-26;31758
2020-03-27;32124
2020-03-28;32166
2020-03-29;32214
2020-03-30;32743
2020-03-31;33132
2020-04-01;33431
2020-04-02;33693
2020-04-03;33842
2020-04-04;33905
2020-04-05;34135
2020-04-06;34917
2020-04-07;35431
2020-04-08;35649
2020-04-09;35760
2020-04-10;35765
2020-04-11;35618
2020-04-12;35916
2020-04-13;36515
2020-04-14;36583
2020-04-15;36688
2020-04-16;36718
2020-04-17;36752
2020-04-18;36686
2020-04-19;36592
2020-04-20;36617
2020-04-21;36655
2020-04-22;36954
2020-04-23;37035
2020-04-24;37132
2020-04-25;37052
2020-04-26;37061
2020-04-27;37503
2020-04-28;38005
2020-04-29;38542
2020-04-30;38789
2020-05-01;38917
2020-05-02;39071
2020-05-03;39176
2020-05-04;39942
2020-05-05;40289
2020-05-06;40460
2020-05-07;40739
2020-05-08;41236
2020-05-09;41587
2020-05-10;42098
2020-05-11;43150
2020-05-12;43879
2020-05-13;43886
2020-05-14;44759
2020-05-15;45289
2020-05-16;45380
2020-05-17;45303
2020-05-18;46817
2020-05-19;47120
2020-05-20;47210
2020-05-21;47309
2020-05-22;47374
2020-05-23;47734
2020-05-24;47068
2020-05-25;47380
2020-05-26;47568
2020-05-27;47291
2020-05-28;47442
2020-05-29;47357
2020-05-30;47473
2020-05-31;47453
2020-06-01;47344
2020-06-02;46960
2020-06-03;46785
2020-06-04;46546
2020-06-05;46318
2020-06-06;46162
2020-06-07;46176
2020-06-08;45709
2020-06-09;45097
2020-06-10;44466
2020-06-11;44148
2020-06-12;43489
2020-06-13;43048
2020-06-14;42602
2020-06-15;40815
2020-06-16;39947
2020-06-17;39520
2020-06-18;38787
2020-06-19;38643
2020-06-20;38550
2020-06-21;38373
2020-06-22;37649
2020-06-23;37215
2020-06-24;36876
2020-06-25;36697
2020-06-26;36691
2020-06-27;36427
2020-06-28;36330
2020-06-29;35595
2020-06-30;35016
2020-07-01;34476
2020-07-02;33807
2020-07-03;33456
2020-07-04;33314
2020-07-05;33107
2020-07-06;32275
2020-07-07;32022
2020-07-08;31660
2020-07-09;31409
2020-07-10;30913
2020-07-11;30821
2020-07-12;30660
2020-07-13;30104
2020-07-14;29763
2020-07-15;29276
2020-07-16;28948
2020-07-17;28561
2020-07-18;28484
2020-07-19;28317
2020-07-20;27654
2020-07-21;27108
2020-07-22;26634
2020-07-23;26417
2020-07-24;26015
2020-07-25;25596
2020-07-26;25403
2020-07-27;25143
2020-07-28;25192
2020-07-29;25144
2020-07-30;24748
2020-07-31;24814
2020-08-01;24634
2020-08-02;24437
2020-08-03;24321
2020-08-04;24472
2020-08-05;24269
2020-08-06;24207
2020-08-07;24307
2020-08-08;24154
2020-08-09;24268
2020-08-10;24791
2020-08-11;24816
2020-08-12;24660
2020-08-13;24449
2020-08-14;24279
2020-08-15;24246
2020-08-16;24074
2020-08-17;23860
2020-08-18;23147
2020-08-19;22978
2020-08-20;22599
2020-08-21;22467
2020-08-22;22313
2020-08-23;22240
2020-08-24;21826
2020-08-25;21804
2020-08-26;21441
2020-08-27;21246
2020-08-28;21278
2020-08-29;21264
2020-08-30;21312
2020-08-31;21757
2020-09-01;21953
2020-09-02;22031
2020-09-03;22100
2020-09-04;22151
2020-09-05;22320
2020-09-06;22532
2020-09-07;23256
2020-09-08;23666
2020-09-09;23671
2020-09-10;23718
2020-09-11;23820
2020-09-12;23763
2020-09-13;23651
2020-09-14;23724
2020-09-15;23834
2020-09-16;23900
2020-09-17;23872
2020-09-18;23892
2020-09-19;23927
2020-09-20;23845
2020-09-21;23902
2020-09-22;24017
2020-09-23;23994
2020-09-24;23958
2020-09-25;23905
2020-09-26;23825
2020-09-27;23782
2020-09-28;23581
2020-09-29;23642
2020-09-30;23596
2020-10-01;23746
2020-10-02;23670
2020-10-03;23922
2020-10-04;23937
2020-10-05;24456
2020-10-06;24910
2020-10-07;25289
2020-10-08;25889
2020-10-09;26396
2020-10-10;26529
2020-10-11;26851
2020-10-12;27992
2020-10-13;28285
2020-10-14;28417
2020-10-15;28659
2020-10-16;28864
2020-10-17;29087
2020-10-18;29138
2020-10-19;29611
2020-10-20;29659
2020-10-21;29594
2020-10-22;29807
2020-10-23;29873
2020-10-24;29840
2020-10-25;29969
2020-10-26;29957
2020-10-27;30061
2020-10-28;30105
2020-10-29;30121
2020-10-30;30244
2020-10-31;30199
2020-11-01;30132
2020-11-02;30578
2020-11-03;30512
2020-11-04;30802
2020-11-05;31267
2020-11-06;31379
2020-11-07;31707
2020-11-08;31849
2020-11-09;32355
2020-11-10;32570
2020-11-11;32503
2020-11-12;32494
2020-11-13;32550
2020-11-14;32478
2020-11-15;32332
2020-11-16;32447
2020-11-17;32418
2020-11-18;32055
2020-11-19;31966
2020-11-20;31907
2020-11-21;32010
2020-11-22;32006
2020-11-23;32052
2020-11-24;31988
2020-11-25;31810
2020-11-26;31805
2020-11-27;31813
2020-11-28;31749
2020-11-29;31892
2020-11-30;31582
2020-12-01;31666
2020-12-02;31539
2020-12-03;31416
2020-12-04;31103
2020-12-05;31101
2020-12-06;31164
2020-12-07;30880
2020-12-08;30696
2020-12-09;30758
2020-12-10;30690
2020-12-11;30551
2020-12-12;30604
2020-12-13;30613
2020-12-14;29768
2020-12-15;29778
2020-12-16;29510
2020-12-17;29181
2020-12-18;28949
2020-12-19;29011
2020-12-20;28905
2020-12-21;28053
2020-12-22;27500
2020-12-23;27210
2020-12-24;27127
2020-12-25;26841
2020-12-26;26769
2020-12-27;26735
2020-12-28;26363
2020-12-29;26275
2020-12-30;26218
2020-12-31;26245
2021-01-01;26158
2021-01-02;26217
2021-01-03;26323
2021-01-04;26135
2021-01-05;26048
2021-01-06;26013
2021-01-07;26107
2021-01-08;26044
2021-01-09;25998
2021-01-10;25888
2021-01-11;25678
2021-01-12;25585
2021-01-13;25593
2021-01-14;25509
2021-01-15;25305
2021-01-16;25214
2021-01-17;25189
2021-01-18;24828
2021-01-19;24725
2021-01-20;24264
2021-01-21;24213
2021-01-22;24135
2021-01-23;24146
2021-01-24;24149
2021-01-25;24027
2021-01-26;24004
2021-01-27;23767
2021-01-28;23715
2021-01-29;23707
2021-01-30;23571
2021-01-31;23392
2021-02-01;22878
2021-02-02;22753
2021-02-03;22809
2021-02-04;22416
2021-02-05;22491
2021-02-06;22441
2021-02-07;22610
2021-02-08;23143
2021-02-09;23285
2021-02-10;23381
2021-02-11;23807
2021-02-12;24126
2021-02-13;24364
2021-02-14;24719
2021-02-15;25544
2021-02-16;25693
2021-02-17;25877
2021-02-18;25957
2021-02-19;25881
2021-02-20;26108
2021-02-21;26123
2021-02-22;26619
2021-02-23;26878
2021-02-24;27308
2021-02-25;27567
2021-02-26;28044
2021-02-27;28087
2021-02-28;28148
2021-03-01;28539
2021-03-02;28654
2021-03-03;28873
2021-03-04;28832
2021-03-05;29179
2021-03-06;29173
2021-03-07;29139
2021-03-08;29754
2021-03-09;29809
2021-03-10;29944
2021-03-11;29923
2021-03-12;30067
2021-03-13;30185
2021-03-14;30079
2021-03-15;30065
2021-03-16;29717
2021-03-17;29724
2021-03-18;29708
2021-03-19;29812
2021-03-20;29664
2021-03-21;29691
2021-03-22;29879
2021-03-23;29694
2021-03-24;29507
2021-03-25;29600
2021-03-26;29570
2021-03-27;29527
2021-03-28;29473
2021-03-29;28937
2021-03-30;28543
2021-03-31;28358
2021-04-01;27980
2021-04-02;28106
2021-04-03;28071
2021-04-04;27999
2021-04-05;27526
2021-04-06;27588
2021-04-07;27456
2021-04-08;27291
2021-04-09;27422
2021-04-10;27263
2021-04-11;27116
2021-04-12;27029
2021-04-13;26818
2021-04-14;26720
2021-04-15;26682
2021-04-16;26706
2021-04-17;26623
2021-04-18;26503
2021-04-19;26142
2021-04-20;25980
2021-04-21;26037
2021-04-22;25626
2021-04-23;25562
2021-04-24;25595
2021-04-25;25606
2021-04-26;25238
2021-04-27;25167
2021-04-28;25090
2021-04-29;25093
2021-04-30;25012
2021-05-01;25026
2021-05-02;25020
2021-05-03;25133
2021-05-04;25145
2021-05-05;25166
2021-05-06;25115
2021-05-07;25275
2021-05-08;25303
2021-05-09;25480
2021-05-10;25966
2021-05-11;25823
2021-05-12;26028
2021-05-13;25989
2021-05-14;25950
2021-05-15;25906
2021-05-16;25761
2021-05-17;25928
2021-05-18;25732
2021-05-19;25664
2021-05-20;25731
2021-05-21;25826
2021-05-22;25708
2021-05-23;25693
2021-05-24;25623
2021-05-25;25588
2021-05-26;25606
2021-05-27;25571
2021-05-28;25433
2021-05-29;25376
2021-05-30;25364
2021-05-31;25445
2021-06-01;25353
2021-06-02;25279
2021-06-03;25209
2021-06-04;25123
2021-06-05;25072
2021-06-06;25095
2021-06-07;24763
2021-06-08;24549
2021-06-09;24483
2021-06-10;24514
2021-06-11;24507
2021-06-12;24443
2021-06-13;24358
2021-06-14;24264
2021-06-15;24016
2021-06-16;24047
2021-06-17;23959
2021-06-18;24077
2021-06-19;24108
2021-06-20;24105
2021-06-21;24293
2021-06-22;24538
2021-06-23;24603
2021-06-24;25028
2021-06-25;25165
2021-06-26;25317
2021-06-27;25267
2021-06-28;25919
2021-06-29;25906
2021-06-30;25982
2021-07-01;26312
2021-07-02;26319
2021-07-03;26235
2021-07-04;26433
2021-07-05;26450
2021-07-06;26526
2021-07-07;26511
2021-07-08;26487
2021-07-09;26564
2021-07-10;26349
2021-07-11;26705
2021-07-12;26707
2021-07-13;26712
2021-07-14;26778
2021-07-15;26810
2021-07-16;26783
2021-07-17;26792
2021-07-18;26831
2021-07-19;27064
2021-07-20;27138
2021-07-21;27291
2021-07-22;27648
2021-07-23;27896
2021-07-24;28390
2021-07-25;28911
2021-07-26;30061
2021-07-27;30161
2021-07-28;30685
2021-07-29;30878
2021-07-30;31184
2021-07-31;31185
2021-08-01;30968
2021-08-02;31045
2021-08-03;31233
2021-08-04;30867
2021-08-05;30542
2021-08-06;30352
2021-08-07;29912
2021-08-08;29306
2021-08-09;28159
2021-08-10;28014
2021-08-11;27197
2021-08-12;27222
2021-08-13;26718
2021-08-14;26537
2021-08-15;26260
2021-08-16;25688
2021-08-17;25421
2021-08-18;25166
2021-08-19;24578
2021-08-20;24273
2021-08-21;23977
2021-08-22;23906
2021-08-23;23175
2021-08-24;22776
2021-08-25;22554
2021-08-26;22115
2021-08-27;22095
2021-08-28;21945
2021-08-29;21763
2021-08-30;21470
2021-08-31;21465
2021-09-01;21367
2021-09-02;21337
2021-09-03;21405
2021-09-04;21405
2021-09-05;21383
2021-09-06;21366
2021-09-07;21388
2021-09-08;21241
2021-09-09;21260
2021-09-10;21244
2021-09-11;21271
2021-09-12;21341
2021-09-13;21506
2021-09-14;21619
2021-09-15;21683
2021-09-16;21518
2021-09-17;21545
2021-09-18;21506
2021-09-19;21342
2021-09-20;21545
2021-09-21;21412
2021-09-22;21379
2021-09-23;21273
2021-09-24;21301
2021-09-25;21350
2021-09-26;21341
2021-09-27;21326
2021-09-28;21325
2021-09-29;21233
2021-09-30;21258
2021-10-01;21176
2021-10-02;21288
2021-10-03;21368
2021-10-04;21537
2021-10-05;21457
2021-10-06;21624
2021-10-07;21668
2021-10-08;21730
2021-10-09;21763
2021-10-10;21886
2021-10-11;21955
2021-10-12;22096
2021-10-13;22242
2021-10-14;22423
2021-10-15;22435
2021-10-16;22535
2021-10-17;22665
2021-10-18;22844
2021-10-19;22757
2021-10-20;22876
2021-10-21;22703
2021-10-22;22700
2021-10-23;22698
2021-10-24;22772
2021-10-25;22791
2021-10-26;22729
2021-10-27;22559
2021-10-28;22631
2021-10-29;22581
2021-10-30;22578
2021-10-31;22486
2021-11-01;22124
2021-11-02;22208
2021-11-03;21933
2021-11-04;21885
2021-11-05;21668
2021-11-06;21627
2021-11-07;21570
2021-11-08;21362
2021-11-09;21433
2021-11-10;21441
2021-11-11;21258
2021-11-12;21166
2021-11-13;20981
2021-11-14;20949
2021-11-15;20505
2021-11-16;20341
2021-11-17;20201
2021-11-18;20220
2021-11-19;20109
2021-11-20;20093
2021-11-21;19900
2021-11-22;19771
2021-11-23;19669
2021-11-24;19667
2021-11-25;19592
2021-11-26;19449
2021-11-27;19502
2021-11-28;19494
2021-11-29;19389
2021-11-30;19269
2021-12-01;19255
2021-12-02;19383
2021-12-03;19367
2021-12-04;19963
2021-12-05;19827
2021-12-06;19781
2021-12-07;20079
2021-12-08;19993
2021-12-09;20006
2021-12-10;20207
2021-12-11;20395
2021-12-12;20595
2021-12-13;20871
2021-12-14;20995
2021-12-15;20958
2021-12-16;21128
2021-12-17;21303
2021-12-18;21322
2021-12-19;21363
2021-12-20;21743
2021-12-21;22037
2021-12-22;22140
2021-12-23;22267
2021-12-24;22422
2021-12-25;22507
2021-12-26;22460
2021-12-27;22696
2021-12-28;22871
2021-12-29;22980
2021-12-30;22938
2021-12-31;23000
2022-01-01;22996
2022-01-02;23034
2022-01-03;23053
2022-01-04;23069
2022-01-05;22975
2022-01-06;22948
2022-01-07;22934
2022-01-08;22877
2022-01-09;22821
2022-01-10;22731
2022-01-11;22626
2022-01-12;22617
2022-01-13;22460
2022-01-14;22382
2022-01-15;22309
2022-01-16;22252
2022-01-17;22125
2022-01-18;22303
2022-01-19;22165
2022-01-20;21957
2022-01-21;21898
2022-01-22;21973
2022-01-23;21981
2022-01-24;22286
2022-01-25;22332
2022-01-26;22382
2022-01-27;22312
2022-01-28;22289
2022-01-29;22237
2022-01-30;22383
2022-01-31;22735
2022-02-01;22912
2022-02-02;23113
2022-02-03;23644
2022-02-04;24866
2022-02-05;25216
2022-02-06;25694
2022-02-07;26632
2022-02-08;27219
2022-02-09;27618
2022-02-10;28383
2022-02-11;28643
2022-02-12;28923
2022-02-13;29264
2022-02-14;30405
2022-02-15;31097
2022-02-16;31147
2022-02-17;31453
2022-02-18;31571
2022-02-19;31606
2022-02-20;31648
2022-02-21;31998
2022-02-22;31778
2022-02-23;31649
2022-02-24;31704
2022-02-25;31807
2022-02-26;31974
2022-02-27;31960
2022-02-28;31963
2022-03-01;31517
2022-03-02;31578
2022-03-03;31707
2022-03-04;31763
2022-03-05;31808
2022-03-06;31703
2022-03-07;31876
2022-03-08;31913
2022-03-09;31884
2022-03-10;31703
2022-03-11;31655
2022-03-12;31634
2022-03-13;31455
2022-03-14;30617
2022-03-15;29885
2022-03-16;29680
2022-03-17;29375
2022-03-18;29250
2022-03-19;29057
2022-03-20;29175
2022-03-21;28970
2022-03-22;28900
2022-03-23;28706
2022-03-24;28552
2022-03-25;28223
2022-03-26;28163
2022-03-27;28116
2022-03-28;27733
2022-03-29;27700
2022-03-30;27715
2022-03-31;27614
2022-04-01;27426
2022-04-02;27491
2022-04-03;27358
2022-04-04;27501
2022-04-05;27595
2022-04-06;27512
2022-04-07;27416
2022-04-08;27297
2022-04-09;27392
2022-04-10;27478
2022-04-11;27391
2022-04-12;27315
2022-04-13;27059
2022-04-14;27022
2022-04-15;26933
2022-04-16;26855
2022-04-17;26653
2022-04-18;26380
2022-04-19;26290
2022-04-20;26371
2022-04-21;26662
2022-04-22;26653
2022-04-23;26804
2022-04-24;27138
2022-04-25;27424
2022-04-26;28324
2022-04-27;28750
2022-04-28;29597
2022-04-29;29832
2022-04-30;30509
2022-05-01;30722
2022-05-02;30713
2022-05-03;30733
2022-05-04;30686
2022-05-05;30755
2022-05-06;30772
2022-05-07;30794
2022-05-08;30737
2022-05-09;30866
2022-05-10;30782
2022-05-11;31200
2022-05-12;31372
2022-05-13;31427
2022-05-14;31539
2022-05-15;31609
2022-05-16;31792
2022-05-17;32594
2022-05-18;33233
2022-05-19;33712
2022-05-20;34268
2022-05-21;34252
2022-05-22;34661
2022-05-23;34855
2022-05-24;34952
2022-05-25;35331
2022-05-26;35495
2022-05-27;36010
2022-05-28;36255
2022-05-29;36210
2022-05-30;36504
2022-05-31;36628
2022-06-01;36942
2022-06-02;36953
2022-06-03;37014
2022-06-04;36983
2022-06-05;37044
2022-06-06;37360
2022-06-07;37953
2022-06-08;38345
2022-06-09;39335
2022-06-10;40099
2022-06-11;40538
2022-06-12;40987
2022-06-13;43678
2022-06-14;44643
2022-06-15;44921
2022-06-16;45712
2022-06-17;45894
2022-06-18;46050
2022-06-19;46221
2022-06-20;47192
2022-06-21;47184
2022-06-22;47841
2022-06-23;48405
2022-06-24;48362
2022-06-25;48680
2022-06-26;48871
2022-06-27;49493
2022-06-28;49789
2022-06-29;49945
2022-06-30;50710
2022-07-01;51467
2022-07-02;51969
2022-07-03;52949
2022-07-04;58166
2022-07-05;60024
2022-07-06;61060
2022-07-07;62922
2022-07-08;64305
2022-07-09;64573
2022-07-10;64897
2022-07-11;65468
2022-07-12;65574
2022-07-13;65994
2022-07-14;65040
2022-07-15;64567
2022-07-16;63613
2022-07-17;63159
2022-07-18;60831
2022-07-19;59550
2022-07-20;57715
2022-07-21;55610
2022-07-22;53884
2022-07-23;51894
2022-07-24;49878
2022-07-25;45320
2022-07-26;42256
2022-07-27;39528
2022-07-28;38127
2022-07-29;37382
2022-07-30;37298
2022-07-31;37026
2022-08-01;35635
2022-08-02;35113
2022-08-03;34316
2022-08-04;33554
2022-08-05;33006
2022-08-06;32608
2022-08-07;32499
2022-08-08;31766
2022-08-09;31517
2022-08-10;31200
2022-08-11;31033
2022-08-12;30992
2022-08-13;30717
2022-08-14;30586
2022-08-15;29534
2022-08-16;29372
2022-08-17;29087
2022-08-18;28618
2022-08-19;28600
2022-08-20;28747
2022-08-21;28810
2022-08-22;27900
2022-08-23;27569
2022-08-24;27242
2022-08-25;26963
2022-08-26;26884
2022-08-27;26764
2022-08-28;26856
2022-08-29;26768
2022-08-30;26590
2022-08-31;26396
2022-09-01;26362
2022-09-02;26406
2022-09-03;26429
2022-09-04;26435
2022-09-05;26819
2022-09-06;27221
2022-09-07;27861
2022-09-08;28125
2022-09-09;28547
2022-09-10;28641
2022-09-11;28635
2022-09-12;28969
2022-09-13;29120
2022-09-14;29081
2022-09-15;29020
2022-09-16;29120
2022-09-17;29025
2022-09-18;28925
2022-09-19;28424
2022-09-20;28380
2022-09-21;28189
2022-09-22;28120
2022-09-23;27851
2022-09-24;27916
2022-09-25;27698
2022-09-26;27390
2022-09-27;27313
2022-09-28;27312
2022-09-29;27181
2022-09-30;27304
2022-10-01;27238
2022-10-02;27210
2022-10-03;27267
2022-10-04;27351
2022-10-05;27648
2022-10-06;27688
2022-10-07;27908
2022-10-08;27900
2022-10-09;28049
2022-10-10;28319
2022-10-11;28525
2022-10-12;28678
2022-10-13;28689
2022-10-14;28868
2022-10-15;28837
2022-10-16;28837
2022-10-17;28901
2022-10-18;28790
2022-10-19;28782
2022-10-20;28744
2022-10-21;28798
2022-10-22;28768
2022-10-23;28841
2022-10-24;28842
2022-10-25;28724
2022-10-26;28805
2022-10-27;29117
2022-10-28;29437
2022-10-29;29450
2022-10-30;29809
2022-10-31;30591
2022-11-01;31091
2022-11-02;31650
2022-11-03;32002
2022-11-04;32147
2022-11-05;32210
2022-11-06;32225
2022-11-07;32170
2022-11-08;32040
2022-11-09;32126
2022-11-10;31725
2022-11-11;31575
2022-11-12;31486
2022-11-13;31541
2022-11-14;31341
2022-11-15;31181
2022-11-16;31228
2022-11-17;31109
2022-11-18;31042
2022-11-19;30930
2022-11-20;30974
2022-11-21;30231
2022-11-22;30098
2022-11-23;30078
2022-11-24;29918
2022-11-25;29241
2022-11-26;29426
2022-11-27;29392
2022-11-28;29490
2022-11-29;29690
2022-11-30;29799
2022-12-01;29803
2022-12-02;30213
2022-12-03;30561
2022-12-04;30712
2022-12-05;31218
2022-12-06;31444
2022-12-07;31561
2022-12-08;31568
2022-12-09;31469
2022-12-10;31409
2022-12-11;31385
2022-12-12;31126
2022-12-13;31131
2022-12-14;31287
2022-12-15;31375
2022-12-16;31358
2022-12-17;31333
2022-12-18;31347
2022-12-19;31486
2022-12-20;31512
2022-12-21;31459
2022-12-22;31372
2022-12-23;31290
2022-12-24;31278
2022-12-25;31360
2022-12-26;31529
2022-12-27;31398
2022-12-28;31361
2022-12-29;31415
2022-12-30;31516
2022-12-31;31523
2023-01-01;31497
2023-01-02;31321
2023-01-03;31469
2023-01-04;31473
2023-01-05;31519
2023-01-06;31769
2023-01-07;31837
2023-01-08;31780
2023-01-09;32185
2023-01-10;32220
2023-01-11;32164
2023-01-12;32258
2023-01-13;32314
2023-01-14;32218
2023-01-15;32216
2023-01-16;32616
2023-01-17;32834
2023-01-18;33214
2023-01-19;33271
2023-01-20;33385
2023-01-21;33611
2023-01-22;33779
2023-01-23;34095
2023-01-24;35125
2023-01-25;35969
2023-01-26;36709
2023-01-27;37134
2023-01-28;37234
2023-01-29;37367
2023-01-30;37748
2023-01-31;37869
2023-02-01;38032
2023-02-02;38521
2023-02-03;38828
2023-02-04;39207
2023-02-05;39427
2023-02-06;40012
2023-02-07;39990
2023-02-08;39817
2023-02-09;39970
2023-02-10;39548
2023-02-11;39437
2023-02-12;39093
2023-02-13;37869
2023-02-14;37375
2023-02-15;36347
2023-02-16;35099
2023-02-17;34634
2023-02-18;34470
2023-02-19;34308
2023-02-20;33701
2023-02-21;33382
2023-02-22;32971
2023-02-23;32492
2023-02-24;32197
2023-02-25;31694
2023-02-26;31625
2023-02-27;30952
2023-02-28;30812
2023-03-01;30954
2023-03-02;30514
2023-03-03;30853
2023-03-04;31118
2023-03-05;31186
2023-03-06;32520
2023-03-07;33229
2023-03-08;33414
2023-03-09;33361
2023-03-10;33575
2023-03-11;33600
2023-03-12;33517
2023-03-13;33277
2023-03-14;33229
2023-03-15;32521
2023-03-16;32471
2023-03-17;32346
2023-03-18;32237
2023-03-19;32208
2023-03-20;32119
2023-03-21;32051
2023-03-22;31972
2023-03-23;31835
2023-03-24;31867
2023-03-25;31705
2023-03-26;31590
2023-03-27;31488
2023-03-28;31369
2023-03-29;31162
2023-03-30;30972
2023-03-31;30810
2023-04-01;30697
2023-04-02;30524
2023-04-03;30496
2023-04-04;30425
2023-04-05;30360
2023-04-06;30222
2023-04-07;30061
2023-04-08;30017
2023-04-09;29927
2023-04-10;29555
2023-04-11;29625
2023-04-12;29606
2023-04-13;29453
2023-04-14;29509
2023-04-15;29582
2023-04-16;29619
2023-04-17;30192
2023-04-18;30817
2023-04-19;31367
2023-04-20;31796
2023-04-21;32528
2023-04-22;32493
2023-04-23;32576
2023-04-24;32640
2023-04-25;33003
2023-04-26;35030
2023-04-27;35846
2023-04-28;36717
2023-04-29;37018
2023-04-30;37004
2023-05-01;37055
2023-05-02;37558
2023-05-03;38000
2023-05-04;38294
2023-05-05;38620
2023-05-06;38693
2023-05-07;38817
2023-05-08;39402
2023-05-09;39357
2023-05-10;39251
2023-05-11;39411
2023-05-12;39112
2023-05-13;39002
2023-05-14;38897
2023-05-15;38234
2023-05-16;38302
2023-05-17;38278
2023-05-18;38046
2023-05-19;37769
2023-05-20;37327
2023-05-21;37215
2023-05-22;36543
2023-05-23;36439
2023-05-24;36403
2023-05-25;35996
2023-05-26;35952
2023-05-27;35800
2023-05-28;35661
2023-05-29;35525
2023-05-30;35474
2023-05-31;35261
2023-06-01;35198
2023-06-02;35323
2023-06-03;35255
2023-06-04;35256
2023-06-05;34603
2023-06-06;34712
2023-06-07;34601
2023-06-08;34648
2023-06-09;35005
2023-06-10;35021
2023-06-11;34971
2023-06-12;35257
2023-06-13;35331
2023-06-14;35421
2023-06-15;35440
2023-06-16;35589
2023-06-17;35527
2023-06-18;35525
2023-06-19;35443
2023-06-20;35396
2023-06-21;35329
2023-06-22;35498
2023-06-23;35526
2023-06-24;35626
2023-06-25;35574
2023-06-26;35314
2023-06-27;35243
2023-06-28;35212
2023-06-29;35226
2023-06-30;35230
2023-07-01;35381
2023-07-02;35328
2023-07-03;35050
2023-07-04;35089
2023-07-05;35056
2023-07-06;34732
2023-07-07;34531
2023-07-08;34510
2023-07-09;34260
2023-07-10;32603
2023-07-11;32293
2023-07-12;31614
2023-07-13;31394
2023-07-14;30697
2023-07-15;30401
2023-07-16;30047
2023-07-17;28966
2023-07-18;28593
2023-07-19;28534
2023-07-20;27599
2023-07-21;27109
2023-07-22;26651
2023-07-23;26463
2023-07-24;26178
2023-07-25;26069
2023-07-26;25650
2023-07-27;25246
2023-07-28;24964
2023-07-29;24909
2023-07-30;24938
2023-07-31;24424
2023-08-01;24319
2023-08-02;24196
2023-08-03;23764
2023-08-04;23812
2023-08-05;23737
2023-08-06;23662
2023-08-07;23590
2023-08-08;23299
2023-08-09;23254
2023-08-10;23144
2023-08-11;23238
2023-08-12;23275
2023-08-13;23325
2023-08-14;23040
2023-08-15;22881
2023-08-16;22639
2023-08-17;22612
2023-08-18;22451
2023-08-19;22373
2023-08-20;22270
2023-08-21;21783
2023-08-22;21639
2023-08-23;21494
2023-08-24;21406
2023-08-25;21309
2023-08-26;21271
2023-08-27;21249
2023-08-28;20874
2023-08-29;20516
2023-08-30;20442
2023-08-31;20338
2023-09-01;20282
2023-09-02;20156
2023-09-03;20230
2023-09-04;20008
2023-09-05;19854
2023-09-06;19721
2023-09-07;19670
2023-09-08;19745
2023-09-09;19816
2023-09-10;19845
2023-09-11;19433
2023-09-12;19489
2023-09-13;19469
2023-09-14;19469
2023-09-15;19401
2023-09-16;19249
2023-09-17;19323
2023-09-18;19112
2023-09-19;19055
2023-09-20;18963
2023-09-21;18867
2023-09-22;18866
2023-09-23;18727
2023-09-24;18749
2023-09-25;18781
2023-09-26;18801
2023-09-27;18869
2023-09-28;18891
2023-09-29;18736
2023-09-30;18692
2023-10-01;18658
2023-10-02;18675
2023-10-03;18946
2023-10-04;18953
2023-10-05;18944
2023-10-06;18950
2023-10-07;18953
2023-10-08;19047
2023-10-09;19123
2023-10-10;19115
2023-10-11;18986
2023-10-12;18761
2023-10-13;18662
2023-10-14;18645
2023-10-15;18658
2023-10-16;18747
2023-10-17;18850
2023-10-18;18890
2023-10-19;18824
2023-10-20;18818
2023-10-21;18776
2023-10-22;18755
2023-10-23;18703
2023-10-24;18673
2023-10-25;18665
2023-10-26;18543
2023-10-27;18548
2023-10-28;18518
2023-10-29;18552
2023-10-30;18724
2023-10-31;18885
2023-11-01;19046
2023-11-02;19281
2023-11-03;19849
2023-11-04;20056
2023-11-05;20340
2023-11-06;21533
2023-11-07;21736
2023-11-08;21935
2023-11-09;22286
2023-11-10;22733
2023-11-11;22894
2023-11-12;23053
2023-11-13;23512
2023-11-14;23618
2023-11-15;23930
2023-11-16;24322
2023-11-17;24519
2023-11-18;24536
2023-11-19;24564
2023-11-20;24663
2023-11-21;24802
2023-11-22;24982
2023-11-23;25063
2023-11-24;25196
2023-11-25;25133
2023-11-26;25231
2023-11-27;25166
2023-11-28;25199
2023-11-29;25283
2023-11-30;25300
2023-12-01;25376
2023-12-02;25408
2023-12-03;25504
2023-12-04;25772
2023-12-05;26000
2023-12-06;26039
2023-12-07;26200
2023-12-08;26292
2023-12-09;26421
2023-12-10;26546
2023-12-11;27178
2023-12-12;27384
2023-12-13;27538
2023-12-14;27714
2023-12-15;27874
2023-12-16;27972
2023-12-17;27999
2023-12-18;28277
2023-12-19;28412
2023-12-20;28577
2023-12-21;28698
2023-12-22;28917
2023-12-23;29020
2023-12-24;29142
2023-12-25;29362
2023-12-26;29761
2023-12-27;30593
2023-12-28;30867
2023-12-29;31272
2023-12-30;31362
2023-12-31;31602
2024-01-01;32007
2024-01-02;33056
2024-01-03;33189
2024-01-04;33383
2024-01-05;33672
2024-01-06;33798
2024-01-07;33666
2024-01-08;33731
2024-01-09;34033
2024-01-10;33508
2024-01-11;33458
2024-01-12;33228
2024-01-13;32666
2024-01-14;32610
2024-01-15;31931
2024-01-16;31536
2024-01-17;30884
2024-01-18;30653
2024-01-19;30112
2024-01-20;29997
2024-01-21;29917
2024-01-22;28981
2024-01-23;28500
2024-01-24;28025
2024-01-25;27709
2024-01-26;27794
2024-01-27;27740
2024-01-28;27671
2024-01-29;27667
2024-01-30;27498
2024-01-31;27507
2024-02-01;27262
2024-02-02;27041
2024-02-03;26937
2024-02-04;26804
2024-02-05;26441
2024-02-06;26439
2024-02-07;26474
2024-02-08;26365
2024-02-09;26414
2024-02-10;26459
2024-02-11;26557
2024-02-12;26546
2024-02-13;26616
2024-02-14;26675
2024-02-15;26643
2024-02-16;26425
2024-02-17;26462
2024-02-18;26559
2024-02-19;26780
2024-02-20;26794
2024-02-21;26990
2024-02-22;27176
2024-02-23;27142
2024-02-24;27214
2024-02-25;27290
2024-02-26;27285
2024-02-27;27280
2024-02-28;27303
2024-02-29;27419
2024-03-01;27392
2024-03-02;27256
2024-03-03;27223
2024-03-04;27122
2024-03-05;27082
2024-03-06;26900
2024-03-07;27049
2024-03-08;27223
2024-03-09;27291
2024-03-10;27460
2024-03-11;27558
2024-03-12;27504
2024-03-13;27532
2024-03-14;27516
2024-03-15;27684
2024-03-16;27695
2024-03-17;27762
2024-03-18;27785
2024-03-19;27835
2024-03-20;27559
2024-03-21;27588
2024-03-22;27644
2024-03-23;27682
2024-03-24;27712
2024-03-25;27935
2024-03-26;27777
2024-03-27;27568
2024-03-28;27659
2024-03-29;27726
2024-03-30;27947
2024-03-31;28052
2024-04-01;28834
2024-04-02;28985
2024-04-03;29783
2024-04-04;30096
2024-04-05;31829
2024-04-06;32967
2024-04-07;34905
2024-04-08;36909
2024-04-09;38049
2024-04-10;38033
2024-04-11;38325
2024-04-12;38378
2024-04-13;38951
2024-04-14;40992
2024-04-15;42030
2024-04-16;44021
2024-04-17;44929
2024-04-18;47510
2024-04-19;47629
2024-04-20;48372
2024-04-21;48494
2024-04-22;49003
2024-04-23;49285
2024-04-24;49220
2024-04-25;49347
2024-04-26;49253
2024-04-27;49187
2024-04-28;49348
2024-04-29;48903
2024-04-30;48947
2024-05-01;48750
2024-05-02;47637
2024-05-03;47003
2024-05-04;46680
2024-05-05;46528
2024-05-06;45113
2024-05-07;44518
2024-05-08;43442
2024-05-09;43161
2024-05-10;43209
2024-05-11;43030
2024-05-12;43089
2024-05-13;43306
2024-05-14;43410
2024-05-15;43311
2024-05-16;43846
2024-05-17;44138
2024-05-18;44133
2024-05-19;44553
2024-05-20;44992
2024-05-21;45498
2024-05-22;45047
2024-05-23;45157
2024-05-24;45344
2024-05-25;45509
2024-05-26;45625
2024-05-27;44858
2024-05-28;44005
2024-05-29;43483
2024-05-30;43245
2024-05-31;43222
2024-06-01;42768
2024-06-02;42490
2024-06-03;40285
2024-06-04;39563
2024-06-05;39027
2024-06-06;38482
2024-06-07;37611
2024-06-08;37382
2024-06-09;37306
2024-06-10;36637
2024-06-11;36350
2024-06-12;36373
2024-06-13;36038
2024-06-14;36172
2024-06-15;36333
2024-06-16;36237
2024-06-17;36132
2024-06-18;35920
2024-06-19;35328
2024-06-20;35344
2024-06-21;35252
2024-06-22;35040
2024-06-23;34980
2024-06-24;34485
2024-06-25;33968
2024-06-26;33615
2024-06-27;33186
2024-06-28;32657
2024-06-29;32262
2024-06-30;32056
2024-07-01;30718
2024-07-02;30075
2024-07-03;29530
2024-07-04;29045
2024-07-05;28601
2024-07-06;28502
2024-07-07;28225
2024-07-08;27517
2024-07-09;26982
2024-07-10;26820
2024-07-11;26579
2024-07-12;26515
2024-07-13;26238
2024-07-14;26030
2024-07-15;24902
2024-07-16;24614
2024-07-17;24212
2024-07-18;24000
2024-07-19;23705
2024-07-20;23490
2024-07-21;23613
2024-07-22;22986
2024-07-23;22565
2024-07-24;22471
2024-07-25;22250
2024-07-26;22049
2024-07-27;22047
2024-07-28;21944
2024-07-29;21508
2024-07-30;21200
2024-07-31;20909
2024-08-01;20878
2024-08-02;20821
2024-08-03;20669
2024-08-04;20495
2024-08-05;20345
2024-08-06;20152
2024-08-07;20115
2024-08-08;20054
2024-08-09;20124
2024-08-10;20158
2024-08-11;20199
2024-08-12;20259
2024-08-13;20006
2024-08-14;20076
2024-08-15;19893
2024-08-16;19790
2024-08-17;19673
2024-08-18;19665
2024-08-19;19764
2024-08-20;19647
2024-08-21;19650
2024-08-22;19484
2024-08-23;19553
2024-08-24;19517
2024-08-25;19597
2024-08-26;19684
2024-08-27;19805
2024-08-28;19483
2024-08-29;19575
2024-08-30;19603
2024-08-31;19616
2024-09-01;19596
2024-09-02;20067
2024-09-03;20120
2024-09-04;20417
2024-09-05;20787
2024-09-06;20671
2024-09-07;20834
2024-09-08;20908
2024-09-09;21519
2024-09-10;21683
2024-09-11;21590
2024-09-12;21458
2024-09-13;21526
2024-09-14;21530
2024-09-15;21580
2024-09-16;21635
2024-09-17;21588
2024-09-18;21728
2024-09-19;21750
2024-09-20;21629
2024-09-21;21780
2024-09-22;21754
2024-09-23;21863
2024-09-24;21900
2024-09-25;21905
2024-09-26;22073
2024-09-27;22105
2024-09-28;22209
2024-09-29;22205
2024-09-30;22498
2024-10-01;22546
2024-10-02;22508
2024-10-03;22700
2024-10-04;22732
2024-10-05;22746
2024-10-06;22851
2024-10-07;23067
2024-10-08;22993
2024-10-09;23052
2024-10-10;23112
2024-10-11;23091
2024-10-12;23182
2024-10-13;23163
2024-10-14;23282
2024-10-15;23318
2024-10-16;23558
2024-10-17;23653
2024-10-18;23692
2024-10-19;23733
2024-10-20;23908
2024-10-21;24283
2024-10-22;24324
2024-10-23;24425
2024-10-24;24584
2024-10-25;24739
2024-10-26;24834
2024-10-27;24892
2024-10-28;25620
2024-10-29;25877
2024-10-30;26138
2024-10-31;26491
2024-11-01;26903
2024-11-02;27227
2024-11-03;27532
2024-11-04;28932
2024-11-05;29193
2024-11-06;29626
2024-11-07;30295
2024-11-08;30680
2024-11-09;30937
2024-11-10;31166
2024-11-11;32138
2024-11-12;32585
2024-11-13;32844
2024-11-14;33089
2024-11-15;33276
2024-11-16;33529
2024-11-17;33618
2024-11-18;34120
2024-11-19;34739
2024-11-20;35092
2024-11-21;35387
2024-11-22;35597
2024-11-23;35538
2024-11-24;35584
2024-11-25;35942
2024-11-26;35952
2024-11-27;35924
2024-11-28;35991
2024-11-29;35976
2024-11-30;36174
2024-12-01;36199
2024-12-02;36138
2024-12-03;36114
2024-12-04;36147
2024-12-05;35940
2024-12-06;35987
2024-12-07;36032
2024-12-08;36035
2024-12-09;36212
2024-12-10;36353
2024-12-11;36260
2024-12-12;36305
2024-12-13;36269
2024-12-14;36332
2024-12-15;36325
2024-12-16;36290
2024-12-17;36131
2024-12-18;36186
2024-12-19;36020
2024-12-20;35906
2024-12-21;36235
2024-12-22;36326
2024-12-23;36266
2024-12-24;36100
2024-12-25;36100
2024-12-26;36127
2024-12-27;36086
2024-12-28;36028
2024-12-29;36091
2024-12-30;36060
2024-12-31;36119
